Debt_ID,Business_ID,Lender,Loan_Type,Principal_Amount,Outstanding_Amount,Interest_Rate(%),Monthly_Installment,Due_Date,Status,Collateral,Risk_Score,Optimization_Strategy
D0001,SMB144,Bank A,Equipment Loan,751766,599099,10.35,57145,2024-05-19,Current,Yes,51,Refinancing
D0002,SMB112,Bank B,Term Loan,712126,712126,6.4,32830,2024-11-23,Defaulted,Yes,95,Refinancing
D0003,SMB119,Bank B,Credit Line,584670,541462,20.87,19870,2025-01-18,Defaulted,Yes,34,Consolidation
D0004,SMB133,Bank A,Credit Line,426044,242100,15.56,12106,2024-06-25,Current,Yes,32,Consolidation
D0005,SMB135,Bank B,Credit Line,549501,385487,9.86,34917,2024-01-17,Overdue,Yes,47,Consolidation
D0006,SMB148,NBFC LoanCo,Term Loan,494945,363920,15.58,27091,2024-03-17,Current,Yes,43,Avalanche
D0007,SMB105,Private Lender,Term Loan,799394,616952,20.78,54079,2024-06-19,Overdue,Yes,45,Consolidation
D0008,SMB128,Private Lender,Credit Line,426821,79528,12.89,3668,2024-06-27,Closed,Yes,20,Refinancing
D0009,SMB143,NBFC LoanCo,Equipment Loan,874018,525624,23.73,28742,2024-02-05,Current,Yes,23,Refinancing
D0010,SMB143,Private Lender,Equipment Loan,818203,609983,8.83,50443,2025-01-27,Defaulted,Yes,71,Refinancing
D0011,SMB150,Bank C,Working Capital,962415,849120,27.91,23951,2024-06-08,Overdue,Yes,85,Consolidation
D0012,SMB125,NBFC LoanCo,Equipment Loan,744141,62492,22.78,3415,2024-08-27,Overdue,Yes,55,Refinancing
D0013,SMB137,Private Lender,Term Loan,735872,574962,5.94,40245,2024-11-23,Current,Yes,37,Refinancing
D0014,SMB116,NBFC LoanCo,Term Loan,938432,321798,17.86,14081,2024-07-27,Closed,Yes,76,Avalanche
D0015,SMB124,NBFC LoanCo,Working Capital,657710,568020,23.96,37186,2024-07-05,Defaulted,Yes,61,Refinancing
D0016,SMB149,NBFC LoanCo,Term Loan,326949,107256,10.22,5234,2024-08-12,Current,Yes,75,Avalanche
D0017,SMB144,Bank B,Working Capital,104502,71317,13.11,4874,2024-09-09,Closed,Yes,75,Avalanche
D0018,SMB119,Private Lender,Equipment Loan,968287,131433,6.96,9351,2024-12-13,Defaulted,Yes,45,Refinancing
D0019,SMB121,NBFC LoanCo,Equipment Loan,855193,243817,18.05,11821,2024-02-22,Defaulted,Yes,73,Consolidation
D0020,SMB122,NBFC LoanCo,Term Loan,644102,336778,13.57,26016,2024-06-03,Current,Yes,49,Refinancing
D0021,SMB113,Bank B,Term Loan,362077,215220,11.36,14135,2024-12-21,Overdue,Yes,63,Consolidation
D0022,SMB103,Bank C,Equipment Loan,760407,691995,24.31,61715,2024-04-15,Defaulted,Yes,26,Consolidation
D0023,SMB136,NBFC LoanCo,Credit Line,582554,575880,17.94,30859,2024-09-02,Current,Yes,43,Refinancing
D0024,SMB137,Bank C,Working Capital,402197,309921,14.09,8184,2024-01-02,Closed,Yes,31,Snowball
D0025,SMB139,Bank C,Credit Line,896216,59392,8.48,3047,2024-05-08,Current,Yes,45,Refinancing
D0026,SMB102,Bank C,Term Loan,547951,142603,17.71,3469,2024-07-02,Defaulted,Yes,65,Refinancing
D0027,SMB132,Bank C,Working Capital,566235,474140,22.78,20869,2024-01-30,Closed,Yes,35,Refinancing
D0028,SMB104,Bank C,Term Loan,65910,29213,7.44,2355,2024-02-27,Current,Yes,40,Avalanche
D0029,SMB135,Bank B,Credit Line,990269,982844,18.51,35950,2024-02-06,Current,Yes,32,Snowball
D0030,SMB141,Bank A,Equipment Loan,441712,152300,6.05,3887,2024-08-28,Closed,Yes,36,Consolidation
D0031,SMB111,Bank B,Term Loan,791271,383817,23.79,35097,2024-11-15,Defaulted,Yes,53,Consolidation
D0032,SMB132,Bank A,Term Loan,302952,71236,8.33,5747,2024-03-18,Current,Yes,36,Avalanche
D0033,SMB115,Bank B,Working Capital,473186,166578,15.99,13826,2024-05-25,Defaulted,Yes,21,Consolidation
D0034,SMB148,NBFC LoanCo,Equipment Loan,864185,70226,9.56,5837,2024-03-10,Current,Yes,28,Consolidation
D0035,SMB150,NBFC LoanCo,Term Loan,527640,252282,33.41,22065,2024-04-14,Overdue,Yes,98,Consolidation
D0036,SMB112,Private Lender,Working Capital,879840,469989,20.98,16150,2024-07-30,Overdue,Yes,66,Refinancing
D0037,SMB121,Bank B,Credit Line,556560,297189,17.68,10234,2024-08-29,Defaulted,Yes,58,Refinancing
D0038,SMB112,Bank A,Equipment Loan,426703,30985,8.21,1361,2025-01-31,Current,Yes,28,Refinancing
D0039,SMB127,Bank B,Working Capital,762392,263875,9.87,24962,2025-01-22,Defaulted,Yes,26,Consolidation
D0040,SMB121,Bank C,Working Capital,608658,145822,24.13,9945,2024-10-25,Current,Yes,22,Refinancing
D0041,SMB131,Private Lender,Equipment Loan,726783,42699,33.97,3255,2024-04-25,Overdue,Yes,98,Refinancing
D0042,SMB131,Private Lender,Equipment Loan,411727,259018,6.04,12361,2024-02-08,Defaulted,Yes,37,Consolidation
D0043,SMB112,NBFC LoanCo,Working Capital,701429,221674,7.1,15596,2024-10-20,Overdue,Yes,31,Consolidation
D0044,SMB150,Bank B,Term Loan,833476,204132,5.98,19988,2024-12-06,Overdue,Yes,54,Refinancing
D0045,SMB115,Bank C,Working Capital,126339,35219,20.53,2613,2024-10-27,Defaulted,No,49,Consolidation
D0046,SMB103,Private Lender,Term Loan,797988,325120,11.69,29715,2024-07-19,Defaulted,Yes,41,Consolidation
D0047,SMB150,Private Lender,Term Loan,299591,60248,15.92,3707,2025-01-24,Defaulted,Yes,67,Refinancing
D0048,SMB136,Bank A,Term Loan,263574,263574,14.73,2108,2024-03-04,Defaulted,Yes,95,Refinancing
D0049,SMB106,Bank C,Working Capital,519865,319595,19.16,13797,2024-08-09,Defaulted,Yes,45,Refinancing
D0050,SMB104,Bank A,Credit Line,815400,378835,5.56,18954,2024-06-01,Current,Yes,73,Avalanche
D0051,SMB135,Private Lender,Working Capital,615310,180645,11.96,11117,2024-04-13,Defaulted,Yes,67,Refinancing
D0052,SMB135,Bank C,Term Loan,101259,101259,16.56,1502,2024-12-28,Defaulted,Yes,95,Consolidation
D0053,SMB109,Bank C,Credit Line,894629,271618,14.91,20289,2024-10-21,Overdue,Yes,72,Refinancing
D0054,SMB124,Bank B,Term Loan,105984,88710,20.82,6782,2024-11-28,Closed,No,46,Refinancing
D0055,SMB107,Bank A,Equipment Loan,174525,81413,22.93,3346,2024-10-06,Defaulted,No,24,Consolidation
D0056,SMB140,Private Lender,Equipment Loan,372179,98899,14.34,3907,2024-12-07,Current,Yes,46,Avalanche
D0057,SMB123,NBFC LoanCo,Term Loan,848115,615688,16.99,48869,2024-03-03,Current,Yes,40,Avalanche
D0058,SMB144,Bank C,Equipment Loan,787013,498740,18.98,21633,2024-09-18,Overdue,Yes,77,Consolidation
D0059,SMB148,Bank B,Term Loan,238308,183827,32.86,11479,2024-06-09,Overdue,No,80,Refinancing
D0060,SMB149,Bank A,Term Loan,111948,100681,5.16,6333,2024-02-06,Closed,No,30,Avalanche
D0061,SMB126,Bank C,Term Loan,674299,386170,20.88,15689,2024-09-05,Overdue,Yes,40,Consolidation
D0062,SMB133,Bank A,Credit Line,274649,190564,22.15,13045,2024-01-19,Defaulted,Yes,50,Refinancing
D0063,SMB148,Private Lender,Working Capital,239110,53240,21.1,4502,2024-04-13,Current,No,76,Refinancing
D0064,SMB109,Private Lender,Equipment Loan,628459,75432,6.41,2483,2024-10-25,Closed,Yes,70,Refinancing
D0065,SMB121,NBFC LoanCo,Term Loan,82976,43094,10.56,3442,2024-07-20,Closed,No,32,Avalanche
D0066,SMB115,Private Lender,Equipment Loan,566688,441887,19.67,11207,2024-05-10,Closed,Yes,28,Avalanche
D0067,SMB128,NBFC LoanCo,Credit Line,705070,507969,12.71,18807,2024-09-01,Closed,Yes,69,Snowball
D0068,SMB102,NBFC LoanCo,Equipment Loan,70677,43716,9.3,1383,2024-04-04,Current,No,57,Avalanche
D0069,SMB145,Bank A,Term Loan,908667,792969,15.11,72136,2024-09-01,Current,Yes,24,Refinancing
D0070,SMB148,Private Lender,Working Capital,164860,164000,16.17,5831,2024-12-30,Closed,Yes,26,Avalanche
D0071,SMB139,Bank A,Equipment Loan,481721,72374,37.77,5070,2025-01-19,Overdue,Yes,96,Refinancing
D0072,SMB104,Bank C,Equipment Loan,672577,403989,8.47,38242,2024-07-19,Closed,Yes,75,Avalanche
D0073,SMB128,NBFC LoanCo,Working Capital,816065,507703,15.61,11836,2025-01-02,Defaulted,Yes,60,Refinancing
D0074,SMB119,Private Lender,Working Capital,447506,43620,11.65,1454,2024-01-14,Overdue,Yes,34,Consolidation
D0075,SMB119,Bank B,Credit Line,125338,114359,12.37,10603,2024-12-04,Defaulted,Yes,36,Consolidation
D0076,SMB147,Bank A,Working Capital,883498,262325,16.99,7447,2024-10-04,Defaulted,Yes,37,Refinancing
D0077,SMB115,Private Lender,Term Loan,915569,449637,23.48,34244,2024-01-30,Defaulted,Yes,64,Refinancing
D0078,SMB136,Private Lender,Working Capital,476368,28586,16.47,927,2024-05-16,Current,Yes,77,Avalanche
D0079,SMB101,Bank A,Term Loan,317683,251273,22.67,12878,2024-05-21,Defaulted,Yes,37,Refinancing
D0080,SMB106,Bank C,Credit Line,502178,41361,21.75,1294,2024-03-21,Closed,Yes,72,Refinancing
D0081,SMB118,Private Lender,Working Capital,119412,81749,15.99,7910,2024-03-16,Current,Yes,39,Refinancing
D0082,SMB126,Bank C,Credit Line,245197,83750,12.52,5318,2024-06-21,Current,Yes,65,Snowball
D0083,SMB127,NBFC LoanCo,Equipment Loan,398773,326678,15.53,11623,2024-05-06,Current,Yes,62,Snowball
D0084,SMB135,NBFC LoanCo,Credit Line,449810,127011,20.5,4183,2024-09-12,Current,Yes,63,Refinancing
D0085,SMB148,Bank A,Term Loan,192518,59653,23.73,4844,2024-05-22,Overdue,Yes,37,Refinancing
D0086,SMB126,Bank B,Credit Line,230544,37155,24.83,2119,2024-05-28,Defaulted,Yes,61,Consolidation
D0087,SMB148,Bank B,Term Loan,738095,604892,14.13,22520,2024-04-07,Closed,Yes,40,Snowball
D0088,SMB139,NBFC LoanCo,Working Capital,673246,673246,39.6,17444,2024-12-04,Defaulted,Yes,95,Refinancing
D0089,SMB109,Private Lender,Working Capital,921069,328605,8.0,9354,2024-10-03,Closed,Yes,60,Avalanche
D0090,SMB141,Bank C,Equipment Loan,169294,105209,22.1,5991,2024-05-07,Defaulted,No,55,Refinancing
D0091,SMB132,Bank C,Working Capital,527585,339500,23.25,20032,2024-08-20,Current,Yes,67,Refinancing
D0092,SMB129,Bank A,Equipment Loan,971256,268769,5.53,20581,2025-01-17,Current,Yes,62,Refinancing
D0093,SMB127,Bank C,Working Capital,864986,72301,15.74,5315,2024-03-03,Current,Yes,32,Consolidation
D0094,SMB106,NBFC LoanCo,Credit Line,343002,261224,14.54,7958,2024-02-27,Defaulted,Yes,71,Consolidation
D0095,SMB119,Private Lender,Credit Line,591072,124596,18.93,6995,2024-10-08,Current,Yes,60,Consolidation
D0096,SMB112,Bank A,Equipment Loan,812446,677028,7.86,49523,2024-11-20,Current,Yes,68,Avalanche
D0097,SMB145,Bank A,Equipment Loan,108877,42047,6.94,1299,2024-11-08,Defaulted,No,79,Consolidation
D0098,SMB143,NBFC LoanCo,Term Loan,335892,110819,38.65,8374,2025-01-09,Overdue,Yes,82,Consolidation
D0099,SMB142,Bank A,Credit Line,652369,416240,9.76,18607,2024-10-06,Overdue,Yes,45,Refinancing
D0100,SMB142,NBFC LoanCo,Credit Line,981710,727752,12.56,23524,2024-04-24,Defaulted,Yes,34,Consolidation
D0101,SMB139,NBFC LoanCo,Equipment Loan,131956,122216,17.5,9754,2024-04-03,Overdue,No,42,Consolidation
D0102,SMB129,Bank A,Equipment Loan,792869,272900,10.76,24387,2024-04-05,Closed,Yes,50,Consolidation
D0103,SMB108,Bank C,Working Capital,236266,139692,14.37,12579,2024-03-08,Closed,No,38,Consolidation
D0104,SMB110,Bank C,Equipment Loan,904111,559992,11.39,32071,2024-02-11,Defaulted,Yes,51,Consolidation
D0105,SMB132,Private Lender,Working Capital,486531,420229,8.63,16701,2024-03-20,Overdue,Yes,64,Refinancing
D0106,SMB143,NBFC LoanCo,Working Capital,575665,135932,10.61,5474,2024-08-16,Overdue,Yes,48,Refinancing
D0107,SMB129,Bank B,Equipment Loan,668185,87375,12.13,7785,2024-02-01,Overdue,Yes,61,Consolidation
D0108,SMB136,NBFC LoanCo,Equipment Loan,517308,223964,14.39,10130,2024-09-22,Current,Yes,50,Avalanche
D0109,SMB141,Bank C,Equipment Loan,511533,306355,11.08,30444,2024-03-10,Overdue,Yes,43,Refinancing
D0110,SMB132,NBFC LoanCo,Working Capital,234436,30088,5.97,1822,2025-01-11,Current,No,64,Consolidation
D0111,SMB110,NBFC LoanCo,Term Loan,429233,86540,20.13,6820,2024-09-18,Current,Yes,44,Refinancing
D0112,SMB144,Bank B,Credit Line,252840,198317,27.78,7467,2024-07-26,Overdue,Yes,87,Consolidation
D0113,SMB135,Bank A,Working Capital,149288,5657,13.05,166,2024-03-30,Closed,No,53,Refinancing
D0114,SMB138,NBFC LoanCo,Working Capital,712412,697745,9.74,19747,2024-06-10,Defaulted,Yes,64,Refinancing
D0115,SMB112,Private Lender,Credit Line,640695,342432,24.88,7023,2024-03-11,Overdue,Yes,69,Consolidation
D0116,SMB111,Bank C,Equipment Loan,297126,180790,17.24,4410,2024-09-23,Closed,Yes,51,Snowball
D0117,SMB115,Bank B,Working Capital,513335,299372,11.08,20897,2024-07-25,Current,Yes,72,Avalanche
D0118,SMB116,Bank A,Working Capital,85884,58669,6.49,1878,2024-01-07,Overdue,No,66,Consolidation
D0119,SMB143,Private Lender,Term Loan,430027,83444,15.13,4428,2024-10-22,Overdue,Yes,23,Consolidation
D0120,SMB133,Private Lender,Credit Line,696708,360780,18.49,7842,2024-10-31,Overdue,Yes,73,Consolidation
D0121,SMB111,Bank C,Equipment Loan,99273,84399,24.72,7450,2024-05-15,Overdue,No,36,Consolidation
D0122,SMB143,Bank C,Credit Line,607762,562978,10.16,21345,2024-03-16,Current,Yes,62,Snowball
D0123,SMB108,NBFC LoanCo,Term Loan,67005,25632,8.19,2484,2024-08-15,Defaulted,Yes,28,Refinancing
D0124,SMB122,Bank C,Equipment Loan,178372,9085,6.6,534,2024-11-19,Closed,No,53,Snowball
D0125,SMB114,Bank C,Credit Line,192308,76546,21.85,7360,2024-07-11,Closed,No,55,Refinancing
D0126,SMB133,Bank A,Term Loan,946223,324243,23.34,29785,2024-05-16,Defaulted,Yes,41,Consolidation
D0127,SMB149,Private Lender,Credit Line,824964,196073,23.41,19389,2024-02-19,Closed,Yes,72,Refinancing
D0128,SMB104,Bank C,Working Capital,325054,160652,21.53,11013,2025-01-06,Closed,Yes,63,Refinancing
D0129,SMB117,Bank A,Working Capital,420016,329999,22.38,6736,2024-08-06,Current,Yes,44,Refinancing
D0130,SMB123,Bank C,Equipment Loan,952081,303225,16.16,13163,2024-10-25,Defaulted,Yes,71,Refinancing
D0131,SMB110,Bank B,Term Loan,647020,348096,6.07,11382,2024-11-05,Defaulted,Yes,60,Consolidation
D0132,SMB143,NBFC LoanCo,Term Loan,363690,244061,15.99,11953,2024-10-06,Overdue,Yes,70,Consolidation
D0133,SMB136,Bank A,Equipment Loan,99474,30809,23.32,1695,2025-01-19,Overdue,No,69,Consolidation
D0134,SMB143,Bank B,Term Loan,413961,139800,8.9,11480,2024-12-31,Defaulted,Yes,55,Consolidation
D0135,SMB121,Bank A,Term Loan,111639,96326,13.49,6119,2024-03-23,Defaulted,Yes,35,Refinancing
D0136,SMB122,Bank B,Term Loan,558523,257384,24.77,5722,2024-08-29,Current,Yes,46,Refinancing
D0137,SMB116,Bank B,Working Capital,826132,321678,14.97,30938,2024-07-20,Defaulted,Yes,29,Consolidation
D0138,SMB104,NBFC LoanCo,Credit Line,153744,128708,18.66,9711,2024-06-29,Defaulted,Yes,32,Refinancing
D0139,SMB116,NBFC LoanCo,Term Loan,991239,450786,17.28,44468,2024-09-27,Defaulted,Yes,44,Consolidation
D0140,SMB109,Bank B,Working Capital,748467,260714,7.01,14029,2024-12-27,Closed,Yes,32,Consolidation
D0141,SMB115,Bank C,Equipment Loan,699657,2920,28.45,169,2024-02-27,Overdue,Yes,84,Consolidation
D0142,SMB124,Bank C,Term Loan,259691,214717,14.97,15909,2024-07-04,Closed,No,46,Refinancing
D0143,SMB116,Bank A,Term Loan,392099,262192,20.89,19537,2024-02-14,Overdue,Yes,77,Consolidation
D0144,SMB150,Bank B,Equipment Loan,388035,90490,9.77,8413,2024-07-17,Defaulted,Yes,78,Consolidation
D0145,SMB113,NBFC LoanCo,Credit Line,927804,763327,6.72,26295,2024-07-10,Current,Yes,40,Snowball
D0146,SMB121,Bank A,Term Loan,372453,26986,29.51,921,2024-10-24,Overdue,Yes,87,Consolidation
D0147,SMB104,Bank B,Credit Line,711079,268066,5.11,11073,2024-09-23,Defaulted,Yes,29,Refinancing
D0148,SMB105,Bank B,Term Loan,732206,479031,13.23,44178,2024-11-14,Overdue,Yes,66,Refinancing
D0149,SMB128,Bank C,Term Loan,239989,118728,8.61,7479,2025-01-21,Defaulted,Yes,63,Refinancing
D0150,SMB139,Bank C,Credit Line,815521,163706,10.74,5675,2024-01-27,Defaulted,Yes,30,Consolidation
D0151,SMB118,Bank B,Term Loan,176892,103769,16.51,6785,2024-11-24,Closed,Yes,34,Snowball
D0152,SMB145,Bank A,Working Capital,971860,83910,33.1,6272,2024-11-23,Overdue,Yes,91,Refinancing
D0153,SMB145,Private Lender,Equipment Loan,851758,106223,16.23,3072,2024-07-30,Closed,Yes,49,Consolidation
D0154,SMB144,NBFC LoanCo,Working Capital,292894,203152,21.38,6364,2024-06-20,Current,Yes,48,Refinancing
D0155,SMB104,NBFC LoanCo,Working Capital,800921,509212,17.63,46650,2024-04-11,Overdue,Yes,34,Refinancing
D0156,SMB150,Bank A,Working Capital,625330,86611,12.14,1973,2025-01-15,Current,Yes,31,Avalanche
D0157,SMB128,Private Lender,Term Loan,678527,149230,10.82,9563,2024-08-30,Closed,Yes,70,Consolidation
D0158,SMB142,Bank A,Equipment Loan,238905,144365,18.31,4072,2024-04-18,Closed,Yes,79,Avalanche
D0159,SMB120,Bank C,Credit Line,242173,242173,15.43,2689,2024-05-04,Defaulted,Yes,95,Consolidation
D0160,SMB150,Bank B,Credit Line,583942,237029,8.32,15017,2024-04-17,Defaulted,Yes,78,Consolidation
D0161,SMB142,NBFC LoanCo,Working Capital,225724,80250,9.09,4829,2024-11-01,Overdue,Yes,75,Consolidation
D0162,SMB113,Private Lender,Term Loan,93709,23698,10.86,724,2024-11-09,Current,Yes,28,Avalanche
D0163,SMB120,Bank A,Term Loan,483722,435434,11.69,18857,2024-05-13,Current,Yes,21,Refinancing
D0164,SMB106,Private Lender,Equipment Loan,362604,259019,14.67,6634,2024-08-09,Overdue,Yes,29,Refinancing
D0165,SMB137,Private Lender,Equipment Loan,627409,233142,16.03,12889,2024-12-18,Closed,Yes,25,Consolidation
D0166,SMB112,NBFC LoanCo,Equipment Loan,393460,327818,15.19,12038,2024-02-12,Overdue,Yes,49,Refinancing
D0167,SMB128,Bank B,Credit Line,263514,120975,13.67,10573,2024-02-18,Current,No,49,Refinancing
D0168,SMB106,NBFC LoanCo,Working Capital,51446,7044,5.43,507,2025-01-09,Overdue,Yes,76,Consolidation
D0169,SMB136,Bank A,Working Capital,442918,442918,22.73,2805,2024-01-16,Defaulted,Yes,95,Consolidation
D0170,SMB119,Bank B,Term Loan,935913,108498,5.64,4835,2024-05-12,Current,Yes,52,Snowball
D0171,SMB135,Bank C,Credit Line,309536,284066,13.84,23434,2024-01-14,Defaulted,Yes,47,Refinancing
D0172,SMB129,Bank B,Working Capital,673457,454801,10.32,29396,2024-02-25,Closed,Yes,46,Snowball
D0173,SMB115,Private Lender,Equipment Loan,371902,23830,19.44,2020,2024-02-03,Current,Yes,64,Snowball
D0174,SMB140,Bank B,Term Loan,532755,165141,12.36,9300,2024-06-02,Overdue,Yes,35,Refinancing
D0175,SMB128,Bank C,Equipment Loan,460752,187575,24.63,6345,2024-07-26,Current,Yes,39,Refinancing
D0176,SMB136,Bank B,Equipment Loan,476042,3702,7.76,364,2024-01-31,Overdue,Yes,50,Consolidation
D0177,SMB113,NBFC LoanCo,Term Loan,974903,513781,18.97,51319,2024-01-26,Closed,Yes,39,Consolidation
D0178,SMB134,NBFC LoanCo,Equipment Loan,371506,65410,22.04,2308,2024-12-19,Defaulted,Yes,71,Consolidation
D0179,SMB150,Private Lender,Working Capital,840274,40442,9.03,1178,2025-01-21,Overdue,Yes,69,Consolidation
D0180,SMB118,Bank C,Working Capital,278241,166359,7.68,9424,2024-10-24,Defaulted,No,56,Consolidation
D0181,SMB134,Bank B,Term Loan,962797,446976,14.57,15241,2024-08-08,Overdue,Yes,35,Consolidation
D0182,SMB112,Bank C,Equipment Loan,568062,118643,22.66,10912,2024-03-21,Closed,Yes,44,Refinancing
D0183,SMB110,Bank C,Term Loan,516970,449556,19.01,35649,2024-05-28,Overdue,Yes,62,Consolidation
D0184,SMB121,Bank B,Credit Line,780460,276074,16.87,8323,2024-12-04,Defaulted,Yes,70,Consolidation
D0185,SMB142,Bank B,Credit Line,903845,496664,19.67,37440,2024-09-12,Closed,Yes,73,Avalanche
D0186,SMB116,Bank B,Credit Line,811850,528101,6.93,15332,2024-07-12,Defaulted,Yes,64,Consolidation
D0187,SMB117,Private Lender,Working Capital,830989,684673,6.54,42413,2024-09-01,Current,Yes,68,Consolidation
D0188,SMB132,Bank B,Credit Line,576596,148116,21.31,5231,2024-02-04,Current,Yes,73,Refinancing
D0189,SMB108,Bank A,Credit Line,253729,182758,19.78,6984,2024-11-09,Defaulted,Yes,21,Refinancing
D0190,SMB107,Bank A,Credit Line,102215,91782,16.63,8705,2024-03-18,Defaulted,No,70,Refinancing
D0191,SMB129,Bank A,Credit Line,299448,273186,12.6,5593,2024-03-08,Closed,Yes,34,Avalanche
D0192,SMB149,Bank C,Term Loan,222149,170287,39.33,14600,2024-01-22,Overdue,Yes,96,Consolidation
D0193,SMB134,Bank A,Equipment Loan,591708,193212,21.52,4780,2024-07-16,Closed,Yes,60,Refinancing
D0194,SMB123,Bank B,Credit Line,375215,237321,20.88,5448,2024-10-22,Defaulted,Yes,24,Refinancing
D0195,SMB105,Private Lender,Term Loan,550985,87294,15.48,2545,2024-05-18,Closed,Yes,75,Avalanche
D0196,SMB117,Private Lender,Working Capital,722809,664940,16.65,32942,2024-08-12,Closed,Yes,42,Snowball
D0197,SMB127,Bank C,Equipment Loan,623798,186678,22.77,11734,2024-03-14,Defaulted,Yes,52,Consolidation
D0198,SMB114,Bank C,Term Loan,303596,257257,20.33,22280,2024-12-08,Overdue,Yes,55,Consolidation
D0199,SMB136,Bank B,Credit Line,996505,669523,10.05,40436,2024-05-05,Closed,Yes,62,Consolidation
D0200,SMB130,Bank A,Working Capital,896963,106185,24.49,2851,2024-10-26,Defaulted,Yes,40,Refinancing
D0201,SMB123,Bank B,Term Loan,265465,27594,24.25,1496,2024-04-20,Overdue,Yes,47,Consolidation
D0202,SMB129,Bank B,Equipment Loan,922357,22595,7.31,2114,2024-05-02,Closed,Yes,73,Avalanche
D0203,SMB149,NBFC LoanCo,Equipment Loan,997253,829123,23.13,62817,2024-05-11,Overdue,Yes,61,Refinancing
D0204,SMB127,Bank B,Equipment Loan,476209,394223,12.0,12853,2025-01-26,Current,Yes,44,Avalanche
D0205,SMB147,Bank A,Working Capital,493247,110041,22.22,4576,2024-07-22,Defaulted,Yes,34,Consolidation
D0206,SMB149,NBFC LoanCo,Term Loan,597357,433362,20.24,19981,2024-10-31,Overdue,Yes,29,Consolidation
D0207,SMB107,NBFC LoanCo,Credit Line,121817,3081,20.6,78,2024-04-10,Defaulted,No,68,Consolidation
D0208,SMB126,NBFC LoanCo,Equipment Loan,511841,387944,17.71,27033,2024-06-24,Defaulted,Yes,70,Consolidation
D0209,SMB131,Bank C,Term Loan,629191,537878,5.61,34686,2024-04-05,Closed,Yes,66,Consolidation
D0210,SMB149,NBFC LoanCo,Term Loan,600162,300386,5.91,15855,2024-05-12,Closed,Yes,59,Snowball
D0211,SMB106,Bank A,Equipment Loan,314243,268229,7.59,10940,2024-05-13,Closed,Yes,58,Snowball
D0212,SMB132,Bank A,Working Capital,389350,363970,10.13,12216,2024-05-18,Overdue,Yes,44,Refinancing
D0213,SMB117,Bank B,Equipment Loan,307537,307537,15.34,23260,2024-02-14,Defaulted,Yes,95,Consolidation
D0214,SMB150,Bank C,Term Loan,513953,452277,6.47,42800,2024-07-07,Overdue,Yes,50,Consolidation
D0215,SMB112,Bank C,Equipment Loan,482935,200218,17.33,9684,2024-06-08,Current,Yes,20,Consolidation
D0216,SMB125,Private Lender,Credit Line,510138,183329,16.62,7185,2024-12-14,Current,Yes,60,Snowball
D0217,SMB138,Bank B,Credit Line,151771,112127,17.96,9029,2025-02-01,Overdue,No,65,Consolidation
D0218,SMB143,Bank A,Equipment Loan,631241,176871,13.38,11083,2024-02-28,Defaulted,Yes,78,Refinancing
D0219,SMB106,NBFC LoanCo,Working Capital,186679,4187,7.09,309,2024-01-28,Current,Yes,28,Consolidation
D0220,SMB130,Bank B,Equipment Loan,618831,395742,6.07,30942,2024-06-27,Overdue,Yes,69,Refinancing
D0221,SMB135,NBFC LoanCo,Equipment Loan,213412,203443,16.82,13796,2025-01-17,Closed,No,73,Avalanche
D0222,SMB146,Private Lender,Term Loan,114610,48390,20.0,2496,2024-07-02,Overdue,No,29,Consolidation
D0223,SMB106,Bank C,Term Loan,245665,99636,17.45,6265,2025-01-17,Closed,No,79,Avalanche
D0224,SMB103,Bank C,Working Capital,598307,49403,21.56,4593,2024-08-17,Closed,Yes,59,Refinancing
D0225,SMB102,NBFC LoanCo,Equipment Loan,465210,162828,28.25,8015,2024-11-21,Overdue,Yes,83,Refinancing
D0226,SMB144,Private Lender,Equipment Loan,191224,16243,19.37,598,2024-05-05,Current,Yes,67,Avalanche
D0227,SMB128,Bank A,Credit Line,258298,25612,21.84,1675,2024-03-14,Current,Yes,32,Refinancing
D0228,SMB121,Bank C,Credit Line,761520,573900,16.26,28517,2024-04-16,Closed,Yes,42,Avalanche
D0229,SMB140,NBFC LoanCo,Working Capital,381547,381547,11.87,4098,2024-01-09,Defaulted,Yes,95,Consolidation
D0230,SMB116,Bank C,Credit Line,611769,167370,17.72,7655,2024-11-11,Current,Yes,73,Avalanche
D0231,SMB118,Bank C,Credit Line,94022,30459,17.78,2941,2024-09-22,Defaulted,Yes,20,Consolidation
D0232,SMB131,Bank C,Equipment Loan,924266,401120,14.45,12916,2024-03-09,Overdue,Yes,33,Consolidation
D0233,SMB114,Bank B,Equipment Loan,711011,495443,13.63,25031,2024-12-09,Current,Yes,32,Avalanche
D0234,SMB120,Private Lender,Credit Line,969603,42760,24.5,1191,2024-12-04,Overdue,Yes,56,Consolidation
D0235,SMB139,NBFC LoanCo,Credit Line,447512,296038,21.66,17361,2024-12-13,Closed,Yes,26,Refinancing
D0236,SMB114,Bank B,Working Capital,880508,577434,12.82,37432,2024-06-03,Current,Yes,71,Avalanche
D0237,SMB136,Bank B,Term Loan,55683,46253,11.95,1372,2024-07-29,Overdue,Yes,22,Refinancing
D0238,SMB109,Bank B,Credit Line,698552,404350,24.83,25245,2024-07-16,Overdue,Yes,64,Consolidation
D0239,SMB131,Bank B,Equipment Loan,856150,503715,21.62,36385,2024-02-01,Overdue,Yes,39,Refinancing
D0240,SMB137,Private Lender,Credit Line,767871,595851,10.01,49903,2024-05-23,Overdue,Yes,33,Consolidation
D0241,SMB127,Bank A,Term Loan,864979,814509,13.54,66763,2024-10-07,Overdue,Yes,70,Consolidation
D0242,SMB131,Bank B,Term Loan,380266,374329,12.13,26272,2025-01-22,Closed,Yes,72,Avalanche
D0243,SMB136,NBFC LoanCo,Term Loan,967794,282840,18.47,6266,2024-03-08,Current,Yes,37,Avalanche
D0244,SMB122,Bank B,Equipment Loan,702122,367846,36.06,21781,2024-07-20,Overdue,Yes,94,Refinancing
D0245,SMB134,Bank C,Working Capital,563910,83512,10.35,3860,2024-02-06,Overdue,Yes,77,Refinancing
D0246,SMB115,Private Lender,Credit Line,793925,609017,6.5,60157,2024-01-12,Current,Yes,23,Snowball
D0247,SMB122,NBFC LoanCo,Working Capital,526310,348238,6.9,31397,2024-12-09,Current,Yes,65,Refinancing
D0248,SMB118,Bank A,Term Loan,306078,258985,12.73,20426,2024-05-12,Closed,Yes,40,Avalanche
D0249,SMB147,Bank B,Credit Line,477643,75589,22.48,7471,2024-06-08,Overdue,Yes,32,Consolidation
D0250,SMB124,Bank A,Working Capital,728720,712314,23.87,65232,2024-07-08,Closed,Yes,67,Refinancing
D0251,SMB124,NBFC LoanCo,Working Capital,736486,39071,19.99,1360,2024-06-24,Closed,Yes,42,Consolidation
D0252,SMB142,NBFC LoanCo,Working Capital,252498,4714,19.48,202,2024-06-03,Closed,Yes,32,Avalanche
D0253,SMB121,NBFC LoanCo,Equipment Loan,296755,280660,21.71,26205,2024-05-17,Current,Yes,30,Refinancing
D0254,SMB124,Bank B,Term Loan,961805,596988,15.26,28555,2024-07-25,Current,Yes,41,Refinancing
D0255,SMB120,Bank A,Term Loan,287515,39395,13.82,2992,2024-11-29,Overdue,No,69,Consolidation
D0256,SMB126,Bank B,Credit Line,467568,344442,13.86,18437,2024-02-14,Current,Yes,77,Avalanche
D0257,SMB109,Private Lender,Term Loan,811281,799822,8.77,64056,2024-03-09,Current,Yes,57,Avalanche
D0258,SMB131,Private Lender,Equipment Loan,431026,321141,14.11,25326,2024-07-15,Closed,Yes,62,Snowball
D0259,SMB143,Bank A,Working Capital,356710,77209,12.44,1707,2024-07-07,Defaulted,Yes,54,Refinancing
D0260,SMB117,NBFC LoanCo,Credit Line,683982,89824,20.58,5922,2024-08-24,Closed,Yes,55,Refinancing
D0261,SMB117,Bank C,Equipment Loan,786329,156386,19.87,13896,2024-01-22,Overdue,Yes,70,Refinancing
D0262,SMB123,Bank A,Working Capital,251129,207082,16.31,18167,2024-07-05,Closed,Yes,74,Avalanche
D0263,SMB124,Private Lender,Credit Line,520334,115525,28.11,3205,2024-11-10,Overdue,Yes,89,Consolidation
D0264,SMB134,Bank C,Term Loan,114213,51525,13.24,3801,2024-01-12,Current,No,69,Consolidation
D0265,SMB114,Bank B,Working Capital,619272,431602,14.11,12230,2024-08-04,Closed,Yes,76,Avalanche
D0266,SMB148,Bank B,Equipment Loan,419740,317764,5.05,18917,2024-06-30,Current,Yes,73,Avalanche
D0267,SMB126,Private Lender,Term Loan,926744,550210,10.34,31727,2024-02-05,Closed,Yes,47,Snowball
D0268,SMB143,Private Lender,Equipment Loan,117788,1044,11.88,66,2024-10-20,Closed,No,48,Refinancing
D0269,SMB147,Bank C,Equipment Loan,605091,2704,14.32,140,2024-06-22,Overdue,Yes,40,Refinancing
D0270,SMB106,Bank B,Working Capital,104601,45832,19.09,961,2024-08-17,Closed,No,58,Snowball
D0271,SMB141,Bank C,Equipment Loan,295524,102702,12.79,4439,2024-10-10,Defaulted,No,39,Consolidation
D0272,SMB113,Bank A,Term Loan,912627,682806,11.37,47196,2024-07-06,Defaulted,Yes,67,Consolidation
D0273,SMB113,NBFC LoanCo,Term Loan,85751,22660,8.44,618,2024-05-24,Defaulted,Yes,21,Refinancing
D0274,SMB146,Bank A,Credit Line,732483,532129,21.58,15478,2024-09-28,Overdue,Yes,57,Refinancing
D0275,SMB139,Private Lender,Equipment Loan,385230,110227,6.06,3744,2024-12-21,Defaulted,Yes,71,Refinancing
D0276,SMB111,Bank B,Credit Line,769796,713989,15.68,64038,2024-05-24,Current,Yes,34,Avalanche
D0277,SMB110,Private Lender,Term Loan,489627,159951,17.14,4973,2024-02-24,Overdue,Yes,51,Consolidation
D0278,SMB117,Bank B,Credit Line,696467,340308,16.49,8104,2024-10-22,Defaulted,Yes,62,Refinancing
D0279,SMB107,Bank B,Credit Line,329423,135186,21.45,6309,2024-09-07,Defaulted,Yes,39,Refinancing
D0280,SMB141,Bank B,Equipment Loan,594463,440320,10.47,20441,2025-01-14,Closed,Yes,56,Avalanche
D0281,SMB125,NBFC LoanCo,Credit Line,601726,265047,19.6,25683,2024-10-13,Closed,Yes,43,Refinancing
D0282,SMB118,Bank B,Equipment Loan,573300,154389,16.92,5849,2024-02-23,Current,Yes,46,Snowball
D0283,SMB137,Bank C,Term Loan,721218,684228,8.36,24138,2024-04-03,Overdue,Yes,21,Consolidation
D0284,SMB128,Bank C,Term Loan,354196,46224,13.37,2019,2024-07-23,Overdue,Yes,51,Refinancing
D0285,SMB127,Bank C,Term Loan,185491,66931,18.65,6618,2024-03-07,Defaulted,Yes,51,Refinancing
D0286,SMB125,Bank C,Working Capital,231491,24438,23.23,1202,2024-02-01,Overdue,No,40,Consolidation
D0287,SMB144,NBFC LoanCo,Working Capital,232830,61685,11.67,2003,2024-05-08,Current,No,58,Avalanche
D0288,SMB127,Bank B,Credit Line,923532,678362,8.7,40593,2024-12-16,Current,Yes,51,Avalanche
D0289,SMB136,Bank B,Term Loan,412497,212599,6.65,16960,2024-10-26,Current,Yes,56,Avalanche
D0290,SMB131,NBFC LoanCo,Credit Line,885643,145391,24.68,11862,2024-04-24,Overdue,Yes,28,Refinancing
D0291,SMB144,Bank B,Credit Line,393394,350636,12.95,8095,2024-05-27,Defaulted,Yes,56,Consolidation
D0292,SMB112,Bank A,Term Loan,782860,607302,12.28,37034,2024-08-29,Closed,Yes,34,Avalanche
D0293,SMB142,Bank B,Credit Line,919643,358704,8.92,32837,2024-07-26,Defaulted,Yes,20,Refinancing
D0294,SMB109,NBFC LoanCo,Credit Line,468966,453497,10.31,18965,2024-04-25,Current,Yes,62,Consolidation
D0295,SMB127,Bank C,Term Loan,271380,8538,38.62,216,2024-01-02,Overdue,Yes,95,Refinancing
D0296,SMB149,Bank B,Term Loan,867525,347372,19.64,14588,2024-05-31,Overdue,Yes,65,Consolidation
D0297,SMB116,Bank C,Term Loan,50430,24510,22.28,935,2024-01-22,Closed,Yes,24,Refinancing
D0298,SMB143,Bank C,Working Capital,547947,297361,10.18,7245,2024-03-04,Current,Yes,47,Consolidation
D0299,SMB109,Bank A,Working Capital,661370,117406,16.25,2525,2024-02-04,Closed,Yes,30,Avalanche
D0300,SMB112,Bank B,Equipment Loan,106701,92968,21.69,7468,2024-04-01,Overdue,Yes,26,Refinancing
D0301,SMB146,Private Lender,Term Loan,848732,776694,7.99,61276,2024-10-20,Overdue,Yes,55,Consolidation
D0302,SMB133,Bank B,Term Loan,813311,76550,24.85,3411,2024-12-29,Current,Yes,23,Refinancing
D0303,SMB113,Bank C,Equipment Loan,775891,239242,11.77,5225,2024-02-05,Closed,Yes,60,Refinancing
D0304,SMB101,Bank C,Term Loan,961482,950833,15.16,74322,2024-03-14,Closed,Yes,21,Avalanche
D0305,SMB115,Bank B,Term Loan,418315,415748,35.25,30133,2024-09-27,Overdue,Yes,96,Consolidation
D0306,SMB105,NBFC LoanCo,Working Capital,575962,531493,11.47,47191,2024-07-24,Overdue,Yes,78,Refinancing
D0307,SMB121,NBFC LoanCo,Working Capital,92060,7246,18.47,509,2024-01-04,Defaulted,No,60,Consolidation
D0308,SMB120,Private Lender,Term Loan,183923,86229,21.51,6140,2024-04-30,Defaulted,No,35,Refinancing
D0309,SMB150,Private Lender,Working Capital,669567,559642,22.69,15206,2025-01-26,Current,Yes,42,Refinancing
D0310,SMB144,Private Lender,Credit Line,218601,151207,22.45,6913,2024-01-18,Current,Yes,25,Refinancing
D0311,SMB111,Bank C,Equipment Loan,373513,92233,12.98,2911,2025-01-05,Current,Yes,49,Refinancing
D0312,SMB128,Bank C,Credit Line,124638,110025,13.62,7148,2024-05-10,Overdue,No,68,Refinancing
D0313,SMB121,Bank A,Credit Line,936891,594116,9.25,33365,2024-12-18,Defaulted,Yes,31,Consolidation
D0314,SMB101,Bank C,Term Loan,618317,555090,12.88,11313,2024-08-24,Defaulted,Yes,40,Consolidation
D0315,SMB141,Bank C,Credit Line,506551,352409,13.32,17167,2025-01-28,Current,Yes,23,Consolidation
D0316,SMB150,Bank C,Credit Line,621151,26465,19.67,2349,2024-05-04,Overdue,Yes,38,Refinancing
D0317,SMB109,Bank B,Credit Line,287544,102051,16.41,5558,2024-06-07,Current,Yes,61,Refinancing
D0318,SMB142,Private Lender,Credit Line,841556,833074,5.67,33337,2024-05-28,Current,Yes,70,Snowball
D0319,SMB121,Bank A,Equipment Loan,107681,31457,12.54,1364,2024-01-21,Defaulted,Yes,68,Consolidation
D0320,SMB124,Bank A,Working Capital,996763,511001,21.06,44473,2024-02-06,Defaulted,Yes,32,Refinancing
D0321,SMB142,Bank B,Credit Line,577732,325947,16.93,13567,2024-12-19,Current,Yes,61,Avalanche
D0322,SMB122,Bank C,Working Capital,601129,84255,15.31,6316,2024-10-09,Closed,Yes,57,Refinancing
D0323,SMB136,Private Lender,Term Loan,519773,363914,15.23,21589,2024-05-28,Overdue,Yes,68,Consolidation
D0324,SMB101,NBFC LoanCo,Working Capital,399727,18847,9.65,1591,2024-05-07,Overdue,Yes,33,Refinancing
D0325,SMB138,Bank A,Working Capital,476500,69644,16.57,2252,2024-06-16,Closed,Yes,52,Refinancing
D0326,SMB121,Bank A,Term Loan,651858,528221,15.87,18498,2024-06-11,Current,Yes,46,Refinancing
D0327,SMB127,Bank B,Equipment Loan,591307,201063,30.62,15034,2024-04-20,Overdue,Yes,80,Refinancing
D0328,SMB127,Bank A,Equipment Loan,111456,105808,11.08,6186,2025-01-21,Current,Yes,62,Snowball
D0329,SMB127,NBFC LoanCo,Credit Line,67840,35553,6.97,3325,2024-04-16,Current,Yes,41,Avalanche
D0330,SMB105,Bank C,Working Capital,509323,119207,24.34,9743,2024-10-28,Overdue,Yes,39,Consolidation
D0331,SMB101,Private Lender,Equipment Loan,790995,178567,13.7,6173,2024-07-23,Current,Yes,59,Consolidation
D0332,SMB133,Bank C,Term Loan,562732,270937,23.24,23358,2024-11-26,Defaulted,Yes,46,Refinancing
D0333,SMB145,Bank B,Equipment Loan,476496,463014,15.76,25188,2024-07-18,Current,Yes,77,Avalanche
D0334,SMB122,Private Lender,Term Loan,433046,176722,20.5,3847,2024-12-08,Overdue,Yes,67,Refinancing
D0335,SMB136,NBFC LoanCo,Working Capital,177487,101773,20.24,5704,2024-07-07,Defaulted,Yes,39,Refinancing
D0336,SMB121,Bank C,Credit Line,680347,488037,9.23,47279,2025-01-17,Defaulted,Yes,71,Refinancing
D0337,SMB102,Bank A,Working Capital,511449,461586,19.08,37825,2024-04-14,Current,Yes,78,Avalanche
D0338,SMB149,Bank B,Working Capital,293821,127960,8.83,6763,2024-11-03,Overdue,No,51,Consolidation
D0339,SMB119,Bank C,Working Capital,837800,209425,20.7,20098,2024-05-12,Closed,Yes,32,Refinancing
D0340,SMB120,Private Lender,Working Capital,998031,458329,17.71,33228,2024-08-18,Overdue,Yes,48,Consolidation
D0341,SMB101,Bank A,Credit Line,129454,2944,16.29,91,2024-07-10,Defaulted,Yes,31,Consolidation
D0342,SMB145,Private Lender,Credit Line,373204,279658,12.72,13979,2024-09-05,Current,Yes,44,Snowball
D0343,SMB123,Bank A,Working Capital,118202,89419,22.58,3407,2024-10-30,Current,No,53,Refinancing
D0344,SMB130,Bank B,Working Capital,344956,21235,7.49,1516,2024-10-22,Overdue,Yes,76,Refinancing
D0345,SMB123,Bank A,Equipment Loan,539780,267959,13.67,10143,2024-05-15,Overdue,Yes,78,Refinancing
D0346,SMB105,Bank C,Equipment Loan,62958,56537,6.21,2060,2024-10-17,Overdue,No,54,Consolidation
D0347,SMB140,Bank A,Term Loan,980626,895232,21.33,44737,2024-11-04,Current,Yes,67,Refinancing
D0348,SMB124,Bank B,Term Loan,466510,451482,16.7,32893,2024-10-25,Closed,Yes,33,Refinancing
D0349,SMB128,Bank B,Working Capital,120424,44288,7.91,3725,2024-04-19,Current,Yes,27,Avalanche
D0350,SMB140,NBFC LoanCo,Equipment Loan,157449,147254,15.87,3782,2024-03-28,Current,No,55,Avalanche
D0351,SMB127,Bank B,Working Capital,713179,527345,11.75,13008,2024-12-26,Closed,Yes,36,Snowball
D0352,SMB142,Private Lender,Equipment Loan,677537,664143,15.64,20852,2024-08-22,Defaulted,Yes,30,Consolidation
D0353,SMB122,Bank B,Term Loan,355474,62121,7.26,1348,2024-04-28,Overdue,Yes,57,Consolidation
D0354,SMB108,Bank C,Credit Line,708734,231096,13.38,13318,2024-08-10,Closed,Yes,79,Avalanche
D0355,SMB142,NBFC LoanCo,Term Loan,897166,592235,17.47,36181,2025-01-21,Current,Yes,65,Snowball
D0356,SMB113,Bank B,Working Capital,847926,814239,8.56,73480,2024-05-08,Closed,Yes,31,Consolidation
D0357,SMB106,Bank C,Term Loan,754499,143915,26.19,2987,2024-08-14,Overdue,Yes,86,Consolidation
D0358,SMB144,Bank C,Term Loan,910995,636544,17.27,16923,2024-02-07,Current,Yes,73,Avalanche
D0359,SMB104,Bank C,Credit Line,445867,35522,15.78,3366,2024-04-20,Closed,Yes,70,Snowball
D0360,SMB146,Bank B,Term Loan,653797,33146,38.37,2586,2024-12-31,Overdue,Yes,90,Refinancing
D0361,SMB144,Bank B,Working Capital,398554,200301,17.43,11901,2024-11-01,Defaulted,Yes,71,Refinancing
D0362,SMB103,Bank C,Equipment Loan,179551,5634,9.08,330,2024-10-08,Overdue,Yes,34,Refinancing
D0363,SMB149,Bank A,Credit Line,355754,202449,5.24,18223,2024-09-02,Closed,Yes,47,Snowball
D0364,SMB150,Bank A,Working Capital,442627,38096,9.36,2940,2024-02-16,Closed,Yes,68,Refinancing
D0365,SMB116,Bank A,Working Capital,444333,135848,16.64,6437,2025-01-27,Current,Yes,46,Refinancing
D0366,SMB132,Bank B,Credit Line,755883,513866,11.38,40637,2025-01-27,Closed,Yes,58,Consolidation
D0367,SMB140,NBFC LoanCo,Equipment Loan,737106,335371,7.03,22922,2024-06-20,Current,Yes,45,Refinancing
D0368,SMB149,NBFC LoanCo,Term Loan,208429,92629,21.96,8416,2024-09-17,Current,No,34,Refinancing
D0369,SMB127,NBFC LoanCo,Working Capital,546581,506080,10.77,21079,2024-12-02,Closed,Yes,26,Avalanche
D0370,SMB123,Bank A,Working Capital,369308,207587,32.0,18091,2024-03-12,Overdue,Yes,89,Refinancing
D0371,SMB143,Bank C,Term Loan,488733,137388,12.5,6090,2024-01-13,Current,Yes,67,Consolidation
D0372,SMB120,Private Lender,Equipment Loan,540970,353077,7.8,26016,2024-11-17,Closed,Yes,30,Snowball
D0373,SMB144,Bank C,Working Capital,178491,117248,12.47,2895,2024-08-06,Current,Yes,45,Snowball
D0374,SMB102,Private Lender,Term Loan,879438,223166,14.21,7658,2024-09-26,Defaulted,Yes,23,Refinancing
D0375,SMB126,Private Lender,Term Loan,539742,57891,30.66,3903,2024-06-12,Overdue,Yes,86,Refinancing
D0376,SMB121,NBFC LoanCo,Credit Line,775630,259078,22.15,24530,2024-06-04,Defaulted,Yes,52,Consolidation
D0377,SMB109,Bank A,Term Loan,689427,196948,23.52,6561,2024-05-25,Overdue,Yes,47,Refinancing
D0378,SMB133,NBFC LoanCo,Equipment Loan,249976,249976,15.63,5650,2024-02-19,Defaulted,Yes,95,Consolidation
D0379,SMB137,NBFC LoanCo,Equipment Loan,284923,132029,14.55,3642,2024-10-05,Closed,Yes,72,Avalanche
D0380,SMB103,NBFC LoanCo,Term Loan,916789,756463,19.78,42978,2024-03-14,Current,Yes,48,Refinancing
D0381,SMB113,Bank C,Working Capital,650476,210297,10.61,8296,2024-08-18,Defaulted,Yes,21,Refinancing
D0382,SMB116,Bank B,Credit Line,128384,14503,24.07,1237,2024-11-27,Overdue,Yes,77,Consolidation
D0383,SMB150,Bank B,Equipment Loan,369342,369342,6.82,404,2024-10-20,Defaulted,Yes,95,Consolidation
D0384,SMB138,Bank A,Equipment Loan,85975,19676,20.67,1387,2024-04-27,Closed,Yes,74,Refinancing
D0385,SMB116,NBFC LoanCo,Equipment Loan,717320,339132,8.0,18974,2024-07-03,Closed,Yes,64,Consolidation
D0386,SMB115,Bank A,Working Capital,394062,108220,8.46,8056,2025-01-02,Overdue,Yes,52,Consolidation
D0387,SMB104,NBFC LoanCo,Credit Line,446524,66114,15.08,5371,2024-12-26,Overdue,Yes,45,Consolidation
D0388,SMB105,NBFC LoanCo,Term Loan,668376,668376,26.81,35752,2024-04-01,Defaulted,Yes,95,Consolidation
D0389,SMB101,Bank B,Working Capital,346156,140247,24.19,3886,2024-05-19,Current,Yes,20,Refinancing
D0390,SMB140,Private Lender,Credit Line,201944,44025,23.14,3893,2024-10-04,Closed,No,43,Refinancing
D0391,SMB146,Bank C,Equipment Loan,444720,254353,15.97,9969,2024-11-10,Defaulted,Yes,63,Consolidation
D0392,SMB104,Bank A,Working Capital,139381,94290,20.09,2125,2024-09-04,Overdue,No,44,Refinancing
D0393,SMB112,Bank A,Term Loan,59819,25333,24.56,609,2024-04-06,Defaulted,No,37,Consolidation
D0394,SMB115,Bank C,Term Loan,978774,134344,21.0,13387,2024-04-06,Defaulted,Yes,28,Consolidation
D0395,SMB147,Bank B,Credit Line,690914,322637,14.53,12007,2024-03-11,Current,Yes,35,Consolidation
D0396,SMB103,Private Lender,Equipment Loan,241357,201313,17.41,9539,2024-11-09,Current,No,43,Consolidation
D0397,SMB145,Private Lender,Credit Line,899704,504906,8.0,36165,2024-09-26,Defaulted,Yes,50,Refinancing
D0398,SMB115,Bank B,Credit Line,557046,378199,14.56,14485,2024-08-15,Defaulted,Yes,44,Refinancing
D0399,SMB124,Bank A,Equipment Loan,227449,43821,19.31,1693,2024-10-18,Overdue,No,54,Refinancing
D0400,SMB108,Bank A,Term Loan,426375,224839,21.48,4645,2024-10-05,Overdue,Yes,66,Consolidation
D0401,SMB145,Bank B,Term Loan,415536,39730,39.03,3087,2024-12-30,Overdue,Yes,99,Refinancing
D0402,SMB143,Bank A,Equipment Loan,996131,823545,17.12,23373,2024-01-15,Overdue,Yes,71,Consolidation
D0403,SMB148,NBFC LoanCo,Credit Line,479757,12736,9.9,1107,2024-12-13,Current,Yes,26,Refinancing
D0404,SMB114,NBFC LoanCo,Credit Line,382033,67523,10.42,2268,2024-09-28,Closed,Yes,69,Refinancing
D0405,SMB120,Bank C,Term Loan,975446,904516,5.97,86952,2024-07-10,Closed,Yes,64,Avalanche
D0406,SMB137,NBFC LoanCo,Credit Line,754776,90120,21.62,3565,2024-04-29,Closed,Yes,22,Refinancing
D0407,SMB146,Bank B,Working Capital,917719,71782,7.78,4500,2024-10-31,Current,Yes,55,Snowball
D0408,SMB149,Private Lender,Credit Line,307137,111514,6.85,7841,2024-07-10,Closed,Yes,50,Consolidation
D0409,SMB114,Bank C,Working Capital,492028,40603,11.68,1852,2024-11-29,Overdue,Yes,37,Consolidation
D0410,SMB111,NBFC LoanCo,Credit Line,387783,53903,22.61,2913,2025-01-20,Closed,Yes,65,Refinancing
D0411,SMB101,Bank B,Equipment Loan,140067,110961,12.73,5486,2025-02-01,Current,No,55,Refinancing
D0412,SMB128,Bank C,Credit Line,614526,240778,9.4,21917,2024-04-09,Defaulted,Yes,57,Refinancing
D0413,SMB105,Private Lender,Equipment Loan,615384,192041,9.91,9634,2024-11-06,Defaulted,Yes,40,Consolidation
D0414,SMB120,NBFC LoanCo,Working Capital,954274,808450,18.56,56531,2024-09-27,Defaulted,Yes,47,Refinancing
D0415,SMB145,Bank A,Term Loan,603197,384316,14.94,30639,2024-06-21,Closed,Yes,77,Avalanche
D0416,SMB119,Bank C,Credit Line,511711,51694,22.67,3215,2024-07-29,Overdue,Yes,36,Refinancing
D0417,SMB117,Bank B,Term Loan,198980,67915,12.37,3295,2024-12-09,Closed,No,29,Snowball
D0418,SMB119,Bank A,Working Capital,236413,207789,11.9,13649,2024-09-08,Overdue,Yes,23,Refinancing
D0419,SMB123,Bank C,Credit Line,673966,160559,8.23,7374,2024-08-01,Overdue,Yes,52,Consolidation
D0420,SMB115,Bank A,Credit Line,510283,191495,17.32,14549,2024-08-05,Defaulted,Yes,31,Refinancing
D0421,SMB120,Private Lender,Working Capital,404511,168120,7.21,8240,2024-01-19,Current,Yes,53,Refinancing
D0422,SMB116,Private Lender,Term Loan,857585,511061,12.0,35097,2024-05-17,Current,Yes,43,Snowball
D0423,SMB102,NBFC LoanCo,Equipment Loan,291511,257761,23.37,5618,2024-06-21,Current,No,53,Refinancing
D0424,SMB108,Bank C,Working Capital,369258,259012,21.99,12757,2024-09-12,Closed,Yes,51,Refinancing
D0425,SMB123,Bank B,Term Loan,340945,56251,10.47,2126,2024-10-01,Current,Yes,43,Consolidation
D0426,SMB134,Bank C,Credit Line,529540,360796,23.84,29623,2024-05-06,Closed,Yes,60,Refinancing
D0427,SMB124,Private Lender,Equipment Loan,903126,693800,19.32,43748,2024-11-13,Current,Yes,59,Snowball
D0428,SMB128,Private Lender,Working Capital,632731,314675,16.96,10900,2024-12-31,Defaulted,Yes,77,Refinancing
D0429,SMB108,Bank A,Credit Line,539867,478167,24.03,47440,2024-07-06,Defaulted,Yes,69,Refinancing
D0430,SMB133,Private Lender,Credit Line,995697,490822,11.32,12148,2024-03-22,Closed,Yes,27,Consolidation
D0431,SMB148,Private Lender,Term Loan,827709,827709,11.51,19043,2025-01-31,Defaulted,Yes,95,Consolidation
D0432,SMB147,Bank A,Credit Line,309638,303336,18.36,8939,2024-12-14,Current,Yes,39,Snowball
D0433,SMB146,Private Lender,Credit Line,284072,81231,5.1,6224,2024-04-15,Defaulted,No,41,Consolidation
D0434,SMB122,Bank A,Equipment Loan,726391,224546,31.39,20870,2024-11-01,Overdue,Yes,87,Refinancing
D0435,SMB137,Bank B,Equipment Loan,989850,82835,21.96,2537,2024-01-27,Closed,Yes,40,Refinancing
D0436,SMB121,Bank B,Term Loan,803308,67131,7.62,4105,2024-05-22,Defaulted,Yes,69,Consolidation
D0437,SMB148,NBFC LoanCo,Equipment Loan,284388,92540,20.48,4073,2024-05-01,Current,No,53,Refinancing
D0438,SMB150,NBFC LoanCo,Term Loan,242537,80372,17.53,3764,2024-09-08,Current,Yes,39,Avalanche
D0439,SMB123,Bank A,Term Loan,592342,341959,16.03,21343,2024-01-25,Current,Yes,60,Avalanche
D0440,SMB101,Private Lender,Credit Line,62934,13101,29.61,433,2024-08-05,Overdue,No,86,Consolidation
D0441,SMB148,Private Lender,Working Capital,461668,207742,17.73,20528,2024-02-11,Current,Yes,25,Refinancing
D0442,SMB112,Private Lender,Equipment Loan,268875,249829,18.37,23992,2024-10-22,Current,No,61,Avalanche
D0443,SMB138,Private Lender,Equipment Loan,738746,591782,17.61,37346,2024-09-22,Closed,Yes,23,Avalanche
D0444,SMB113,Bank B,Equipment Loan,457523,276686,24.18,25879,2024-03-23,Current,Yes,65,Refinancing
D0445,SMB119,Bank C,Credit Line,117648,69889,14.43,4273,2024-02-02,Overdue,Yes,66,Refinancing
D0446,SMB118,Bank B,Credit Line,850538,693941,9.12,60836,2024-09-13,Closed,Yes,54,Consolidation
D0447,SMB134,Bank B,Term Loan,162174,24536,26.87,829,2024-02-07,Overdue,Yes,94,Consolidation
D0448,SMB108,Private Lender,Working Capital,942051,434624,11.67,35901,2024-07-07,Defaulted,Yes,67,Refinancing
D0449,SMB108,Bank C,Credit Line,93090,37818,21.49,2583,2024-08-23,Defaulted,Yes,78,Consolidation
D0450,SMB133,NBFC LoanCo,Working Capital,647883,546188,11.96,42353,2024-10-10,Closed,Yes,39,Refinancing
D0451,SMB145,NBFC LoanCo,Working Capital,489397,237870,12.62,18400,2024-09-10,Current,Yes,33,Refinancing
D0452,SMB141,Bank A,Credit Line,74703,30940,23.24,2635,2024-09-28,Current,Yes,37,Refinancing
D0453,SMB122,Bank C,Credit Line,687733,140925,5.43,4334,2024-05-24,Defaulted,Yes,31,Refinancing
D0454,SMB144,Bank C,Equipment Loan,264708,224559,22.6,16449,2024-04-16,Current,No,55,Refinancing
D0455,SMB138,Private Lender,Term Loan,582307,149644,14.69,11978,2024-12-19,Current,Yes,56,Refinancing
D0456,SMB109,Bank C,Credit Line,120774,75787,6.33,4867,2024-07-07,Closed,Yes,60,Avalanche
D0457,SMB125,Private Lender,Equipment Loan,971918,155832,22.16,14597,2024-05-12,Closed,Yes,29,Refinancing
D0458,SMB143,Private Lender,Credit Line,208458,154904,18.6,6815,2024-09-04,Closed,Yes,49,Snowball
D0459,SMB125,Bank B,Equipment Loan,676781,672807,8.88,49049,2024-06-07,Closed,Yes,41,Refinancing
D0460,SMB120,NBFC LoanCo,Working Capital,310728,126204,12.14,8939,2024-08-14,Current,Yes,56,Consolidation
D0461,SMB144,Private Lender,Equipment Loan,132339,86228,13.85,8301,2024-03-15,Closed,No,71,Avalanche
D0462,SMB148,Bank B,Equipment Loan,740157,618382,23.74,45245,2024-05-08,Overdue,Yes,77,Refinancing
D0463,SMB117,NBFC LoanCo,Equipment Loan,261697,178165,16.65,11644,2024-04-28,Overdue,No,65,Refinancing
D0464,SMB150,Private Lender,Credit Line,668703,297555,24.17,27991,2024-08-25,Overdue,Yes,40,Refinancing
D0465,SMB118,Bank C,Term Loan,537179,132065,22.43,4837,2024-08-24,Current,Yes,51,Refinancing
D0466,SMB150,Bank A,Equipment Loan,439332,430917,36.83,39093,2024-06-18,Overdue,Yes,92,Consolidation
D0467,SMB101,Bank B,Working Capital,584319,170100,9.59,8798,2024-01-12,Closed,Yes,45,Consolidation
D0468,SMB139,Private Lender,Term Loan,365662,132522,20.32,4288,2024-06-16,Defaulted,Yes,40,Refinancing
D0469,SMB107,Bank A,Working Capital,373464,207168,10.24,16856,2024-07-18,Closed,Yes,58,Avalanche
D0470,SMB122,Bank B,Credit Line,886696,886327,17.67,74056,2024-05-07,Defaulted,Yes,41,Consolidation
D0471,SMB133,Bank C,Credit Line,966430,154867,16.38,15453,2024-05-02,Current,Yes,20,Avalanche
D0472,SMB136,NBFC LoanCo,Credit Line,760458,760458,5.35,3203,2024-07-08,Defaulted,Yes,95,Consolidation
D0473,SMB119,NBFC LoanCo,Equipment Loan,803349,122395,6.53,8293,2024-01-27,Current,Yes,72,Avalanche
D0474,SMB133,Bank C,Term Loan,335920,231824,10.62,19124,2024-02-12,Defaulted,Yes,27,Consolidation
D0475,SMB150,Bank B,Working Capital,730508,708957,6.76,42554,2024-04-26,Current,Yes,50,Snowball
D0476,SMB135,Bank B,Working Capital,640188,252811,7.75,15061,2024-03-04,Overdue,Yes,20,Consolidation
D0477,SMB108,Bank B,Equipment Loan,489054,307189,21.7,7372,2024-11-05,Defaulted,Yes,34,Refinancing
D0478,SMB106,Bank C,Credit Line,92410,37165,24.0,1578,2024-03-28,Current,Yes,37,Refinancing
D0479,SMB112,Bank B,Credit Line,458995,218553,20.01,6054,2024-09-21,Defaulted,Yes,60,Refinancing
D0480,SMB138,NBFC LoanCo,Credit Line,185706,96746,11.33,4682,2024-02-29,Current,No,24,Refinancing
D0481,SMB139,Bank A,Term Loan,436057,252983,11.33,15667,2024-04-24,Defaulted,Yes,73,Refinancing
D0482,SMB113,Bank C,Credit Line,86892,64204,22.93,5488,2024-07-11,Current,Yes,79,Refinancing
D0483,SMB128,Bank C,Equipment Loan,942517,536709,16.71,39946,2024-09-23,Overdue,Yes,62,Refinancing
D0484,SMB109,Bank B,Working Capital,850138,542567,9.6,43412,2024-07-02,Defaulted,Yes,69,Refinancing
D0485,SMB111,Private Lender,Equipment Loan,505615,422308,17.28,35148,2024-10-25,Closed,Yes,26,Refinancing
D0486,SMB146,Bank B,Term Loan,481911,388416,17.38,28079,2024-05-26,Closed,Yes,41,Refinancing
D0487,SMB108,Bank C,Term Loan,319764,306050,14.37,8628,2024-02-12,Overdue,Yes,34,Refinancing
D0488,SMB117,Bank B,Term Loan,459512,419279,20.63,16888,2024-09-09,Closed,Yes,47,Refinancing
D0489,SMB112,Bank B,Term Loan,255179,99124,10.04,7497,2024-02-29,Closed,Yes,25,Snowball
D0490,SMB146,Bank C,Term Loan,557593,220607,21.55,15340,2024-05-03,Overdue,Yes,76,Refinancing
D0491,SMB113,Bank A,Equipment Loan,613302,82282,24.03,7479,2024-03-04,Current,Yes,70,Refinancing
D0492,SMB141,NBFC LoanCo,Equipment Loan,814950,767916,22.19,73143,2024-12-02,Overdue,Yes,27,Consolidation
D0493,SMB122,NBFC LoanCo,Equipment Loan,593895,327282,8.4,25727,2024-05-21,Current,Yes,59,Avalanche
D0494,SMB111,NBFC LoanCo,Equipment Loan,296212,205982,13.94,6269,2024-06-27,Defaulted,Yes,56,Refinancing
D0495,SMB129,NBFC LoanCo,Credit Line,63354,53456,18.75,4355,2024-05-27,Overdue,No,60,Consolidation
D0496,SMB116,Bank A,Equipment Loan,835657,739443,15.01,38590,2024-08-06,Defaulted,Yes,50,Refinancing
D0497,SMB133,Private Lender,Equipment Loan,725933,691504,15.43,40266,2024-07-06,Overdue,Yes,78,Consolidation
D0498,SMB150,Bank A,Equipment Loan,911607,100994,7.11,10021,2024-07-21,Closed,Yes,50,Refinancing
D0499,SMB135,Bank A,Working Capital,686773,133675,19.76,7317,2024-09-09,Overdue,Yes,53,Refinancing
D0500,SMB138,Bank B,Equipment Loan,482116,365790,9.69,23447,2024-01-05,Closed,Yes,73,Avalanche
D0501,SMB136,Bank B,Term Loan,988643,583134,16.12,42141,2024-06-22,Defaulted,Yes,40,Consolidation
D0502,SMB131,Bank A,Working Capital,745504,213071,12.32,19886,2024-09-04,Current,Yes,33,Consolidation
D0503,SMB149,NBFC LoanCo,Working Capital,912218,893932,23.67,44170,2024-05-24,Closed,Yes,53,Refinancing
D0504,SMB141,Bank C,Equipment Loan,339387,221048,18.91,9386,2024-08-29,Current,Yes,52,Refinancing
D0505,SMB138,NBFC LoanCo,Term Loan,199479,128473,12.81,4323,2024-08-02,Closed,Yes,26,Consolidation
D0506,SMB117,Private Lender,Working Capital,995419,968030,17.52,69954,2024-05-31,Defaulted,Yes,39,Refinancing
D0507,SMB121,Private Lender,Credit Line,399759,19633,16.02,867,2024-10-14,Defaulted,Yes,49,Refinancing
D0508,SMB134,Private Lender,Credit Line,477800,201566,10.66,7058,2024-09-20,Defaulted,Yes,20,Consolidation
D0509,SMB136,NBFC LoanCo,Equipment Loan,491462,250447,22.58,7708,2024-01-27,Closed,Yes,31,Refinancing
D0510,SMB142,Private Lender,Credit Line,610850,610850,24.34,27718,2024-03-13,Defaulted,Yes,95,Consolidation
D0511,SMB129,Bank C,Working Capital,719032,658797,9.09,30352,2024-10-01,Defaulted,Yes,24,Consolidation
D0512,SMB127,Bank A,Working Capital,316391,18739,21.57,1295,2024-05-05,Current,Yes,47,Refinancing
D0513,SMB130,Bank A,Credit Line,450747,133662,8.98,6363,2024-06-17,Current,Yes,55,Consolidation
D0514,SMB106,Bank C,Credit Line,100322,7721,10.86,590,2024-10-28,Closed,Yes,22,Avalanche
D0515,SMB144,Bank A,Equipment Loan,465724,25809,18.79,836,2024-02-18,Current,Yes,52,Refinancing
D0516,SMB101,Bank A,Credit Line,842233,616002,12.78,60801,2025-01-11,Defaulted,Yes,46,Consolidation
D0517,SMB108,Bank C,Working Capital,296749,84296,16.44,1970,2024-10-28,Overdue,No,31,Consolidation
D0518,SMB141,Bank A,Term Loan,886106,159936,22.62,8830,2024-12-07,Closed,Yes,58,Refinancing
D0519,SMB137,Private Lender,Term Loan,364791,210579,9.51,6344,2024-12-29,Overdue,Yes,40,Refinancing
D0520,SMB106,Private Lender,Credit Line,279380,122476,21.66,3260,2024-10-10,Closed,No,74,Refinancing
D0521,SMB117,Private Lender,Credit Line,708980,40078,7.03,1371,2024-07-31,Overdue,Yes,24,Consolidation
D0522,SMB113,NBFC LoanCo,Equipment Loan,656400,73715,8.8,3164,2024-07-04,Closed,Yes,37,Snowball
D0523,SMB130,Bank B,Credit Line,772001,438553,23.34,35882,2024-03-19,Overdue,Yes,66,Consolidation
D0524,SMB106,Bank B,Working Capital,618193,126761,6.33,11734,2025-02-01,Overdue,Yes,41,Refinancing
D0525,SMB133,Bank A,Working Capital,163124,13617,11.16,1214,2024-03-27,Defaulted,Yes,48,Refinancing
D0526,SMB143,NBFC LoanCo,Working Capital,317438,245550,8.85,10536,2024-11-04,Overdue,Yes,46,Consolidation
D0527,SMB102,Private Lender,Credit Line,655340,160375,18.6,3225,2024-09-29,Closed,Yes,20,Refinancing
D0528,SMB147,Bank C,Term Loan,579191,475492,21.06,39556,2024-01-06,Overdue,Yes,21,Consolidation
D0529,SMB150,Bank A,Credit Line,332641,63808,22.42,2482,2024-10-23,Overdue,Yes,54,Refinancing
D0530,SMB141,Bank C,Equipment Loan,473780,17747,21.75,1140,2024-06-18,Current,Yes,50,Refinancing
D0531,SMB106,Bank A,Credit Line,478500,450186,14.3,36297,2024-04-18,Closed,Yes,62,Consolidation
D0532,SMB142,Private Lender,Credit Line,792900,154988,24.62,13370,2024-01-08,Current,Yes,65,Refinancing
D0533,SMB121,Private Lender,Equipment Loan,148037,93554,12.43,6934,2025-01-11,Current,Yes,47,Avalanche
D0534,SMB111,Bank C,Working Capital,511947,277967,23.21,25547,2024-09-07,Overdue,Yes,62,Consolidation
D0535,SMB103,Bank C,Working Capital,166500,155750,13.56,14261,2024-09-06,Closed,No,41,Avalanche
D0536,SMB105,Bank C,Working Capital,413926,331143,18.75,7101,2024-10-19,Overdue,Yes,42,Refinancing
D0537,SMB110,Private Lender,Equipment Loan,603161,384080,24.18,26188,2024-11-24,Current,Yes,64,Refinancing
D0538,SMB112,Bank A,Working Capital,778162,609841,13.07,54544,2024-07-19,Defaulted,Yes,78,Consolidation
D0539,SMB127,NBFC LoanCo,Equipment Loan,113279,7552,16.92,162,2024-12-10,Overdue,Yes,24,Refinancing
D0540,SMB113,Private Lender,Equipment Loan,835425,331554,17.42,9509,2024-08-09,Closed,Yes,30,Avalanche
D0541,SMB136,NBFC LoanCo,Working Capital,928008,342636,23.28,9270,2024-11-03,Closed,Yes,42,Refinancing
D0542,SMB107,Private Lender,Working Capital,193964,171350,36.92,11211,2024-12-30,Overdue,Yes,81,Refinancing
D0543,SMB104,Bank C,Equipment Loan,290092,221433,8.33,4975,2024-12-30,Overdue,No,46,Refinancing
D0544,SMB110,Private Lender,Credit Line,613348,275403,9.27,26683,2025-01-07,Defaulted,Yes,35,Consolidation
D0545,SMB120,NBFC LoanCo,Term Loan,994464,311894,5.36,13431,2025-01-05,Closed,Yes,34,Refinancing
D0546,SMB122,Bank C,Working Capital,818525,785049,9.24,72307,2024-03-05,Current,Yes,77,Avalanche
D0547,SMB131,Bank C,Term Loan,676027,676027,6.17,51585,2024-07-04,Defaulted,Yes,95,Refinancing
D0548,SMB104,Bank B,Term Loan,514585,211466,20.98,7155,2024-10-22,Closed,Yes,52,Refinancing
D0549,SMB108,NBFC LoanCo,Working Capital,464327,53741,5.81,3463,2025-02-04,Closed,Yes,52,Refinancing
D0550,SMB127,Private Lender,Equipment Loan,526013,352091,22.1,21778,2024-01-22,Defaulted,Yes,69,Refinancing
D0551,SMB124,Private Lender,Credit Line,550722,310151,22.64,25509,2024-07-27,Closed,Yes,28,Refinancing
D0552,SMB106,Bank C,Term Loan,373572,351807,11.51,35040,2024-01-06,Closed,Yes,74,Avalanche
D0553,SMB129,Bank A,Working Capital,216475,49348,7.67,2485,2024-09-15,Current,No,79,Avalanche
D0554,SMB135,NBFC LoanCo,Working Capital,882443,318392,10.74,23636,2024-08-12,Overdue,Yes,30,Refinancing
D0555,SMB133,Bank A,Credit Line,334428,123889,13.35,6409,2024-04-17,Current,Yes,32,Snowball
D0556,SMB127,NBFC LoanCo,Credit Line,613795,536692,18.1,24398,2024-05-29,Closed,Yes,71,Avalanche
D0557,SMB108,NBFC LoanCo,Equipment Loan,403828,179804,23.6,13336,2024-08-10,Closed,Yes,39,Refinancing
D0558,SMB137,NBFC LoanCo,Working Capital,911698,906260,5.78,81031,2024-10-29,Current,Yes,45,Snowball
D0559,SMB131,Bank C,Working Capital,423323,350419,13.49,8602,2024-07-23,Overdue,Yes,38,Refinancing
D0560,SMB128,Private Lender,Equipment Loan,337684,108937,18.25,9395,2024-10-29,Overdue,Yes,44,Consolidation
D0561,SMB137,Bank B,Term Loan,610878,440033,15.98,38784,2024-07-02,Current,Yes,25,Refinancing
D0562,SMB148,Bank C,Term Loan,909949,183718,22.34,4306,2024-06-27,Defaulted,Yes,20,Consolidation
D0563,SMB113,Bank B,Credit Line,647400,26486,19.42,598,2024-06-03,Closed,Yes,55,Consolidation
D0564,SMB111,Bank B,Working Capital,533314,410346,22.18,9692,2024-06-22,Current,Yes,59,Refinancing
D0565,SMB115,Private Lender,Working Capital,201740,84356,16.2,6830,2024-07-05,Closed,No,44,Refinancing
D0566,SMB115,NBFC LoanCo,Term Loan,313769,241112,13.5,23051,2024-11-25,Closed,Yes,27,Refinancing
D0567,SMB101,Bank A,Working Capital,633768,475614,24.19,42242,2024-07-23,Overdue,Yes,20,Refinancing
D0568,SMB111,Bank B,Term Loan,204863,178403,23.03,13883,2024-05-26,Overdue,Yes,28,Consolidation
D0569,SMB126,NBFC LoanCo,Credit Line,296657,283126,21.42,19245,2024-04-18,Current,Yes,59,Refinancing
D0570,SMB143,Bank B,Term Loan,830690,334036,9.52,8722,2024-10-25,Defaulted,Yes,47,Refinancing
D0571,SMB112,Bank B,Term Loan,587956,504766,5.99,12314,2024-07-20,Closed,Yes,21,Avalanche
D0572,SMB116,Bank C,Term Loan,708867,423373,22.59,17934,2024-01-30,Overdue,Yes,27,Refinancing
D0573,SMB127,Bank C,Term Loan,472691,309637,11.88,24647,2024-09-08,Overdue,Yes,52,Refinancing
D0574,SMB125,Bank B,Term Loan,980322,100877,16.91,8918,2024-06-25,Current,Yes,30,Snowball
D0575,SMB133,Private Lender,Credit Line,703967,71140,17.53,4255,2024-04-09,Current,Yes,69,Snowball
D0576,SMB143,Bank A,Term Loan,170655,120207,14.65,2493,2024-07-11,Current,Yes,32,Consolidation
D0577,SMB105,Bank A,Credit Line,106935,44911,6.27,2192,2024-03-13,Closed,Yes,51,Refinancing
D0578,SMB123,NBFC LoanCo,Term Loan,247732,63113,20.38,4245,2024-06-11,Closed,No,20,Refinancing
D0579,SMB128,Bank A,Credit Line,845362,260077,21.31,10271,2024-03-06,Defaulted,Yes,79,Consolidation
D0580,SMB103,NBFC LoanCo,Working Capital,352341,124742,18.89,2598,2024-10-08,Overdue,Yes,70,Consolidation
D0581,SMB118,Bank B,Credit Line,973252,194762,16.23,11166,2024-09-16,Current,Yes,57,Consolidation
D0582,SMB111,NBFC LoanCo,Equipment Loan,788582,509641,22.79,18630,2024-12-02,Overdue,Yes,24,Refinancing
D0583,SMB135,NBFC LoanCo,Working Capital,981059,292195,17.34,15073,2024-02-06,Overdue,Yes,40,Consolidation
D0584,SMB148,Private Lender,Working Capital,624118,262690,8.86,12240,2024-09-28,Overdue,Yes,48,Consolidation
D0585,SMB137,Bank C,Working Capital,916427,426120,6.01,25402,2024-05-04,Closed,Yes,79,Avalanche
D0586,SMB130,Bank B,Credit Line,690120,139684,16.96,9336,2024-06-25,Defaulted,Yes,64,Refinancing
D0587,SMB130,Private Lender,Credit Line,460064,230885,13.26,20060,2025-01-08,Current,Yes,58,Consolidation
D0588,SMB120,Private Lender,Credit Line,343800,317164,6.46,15702,2024-04-22,Current,Yes,48,Avalanche
D0589,SMB106,Bank A,Working Capital,578675,490052,11.44,18066,2024-10-03,Defaulted,Yes,72,Refinancing
D0590,SMB137,NBFC LoanCo,Term Loan,735809,90853,16.33,3941,2024-03-28,Overdue,Yes,45,Consolidation
D0591,SMB101,Bank B,Working Capital,737069,708977,17.46,49222,2024-09-22,Overdue,Yes,49,Refinancing
D0592,SMB144,Bank B,Term Loan,281408,254453,15.8,19168,2025-01-18,Defaulted,Yes,30,Consolidation
D0593,SMB107,NBFC LoanCo,Equipment Loan,673914,662287,23.09,21392,2024-08-13,Overdue,Yes,47,Consolidation
D0594,SMB112,Bank A,Credit Line,644088,489023,22.71,48881,2024-05-06,Defaulted,Yes,47,Consolidation
D0595,SMB143,Bank C,Working Capital,584884,286481,5.58,7354,2024-10-30,Defaulted,Yes,44,Refinancing
D0596,SMB130,Bank C,Credit Line,165889,54797,10.5,4082,2024-09-12,Defaulted,Yes,66,Consolidation
D0597,SMB138,Bank C,Term Loan,178266,163333,26.7,6526,2024-05-18,Overdue,No,83,Refinancing
D0598,SMB132,Private Lender,Equipment Loan,178416,133504,23.8,3699,2024-02-16,Overdue,Yes,59,Refinancing
D0599,SMB114,Bank C,Equipment Loan,632156,486104,22.59,21487,2024-07-09,Overdue,Yes,32,Refinancing
D0600,SMB123,Bank C,Credit Line,334211,59223,21.94,2243,2024-05-14,Current,Yes,23,Refinancing
D0601,SMB122,Bank C,Term Loan,116321,76094,9.2,2089,2024-11-03,Overdue,Yes,30,Consolidation
D0602,SMB101,Bank A,Working Capital,508194,387355,5.24,26979,2025-01-16,Overdue,Yes,77,Consolidation
D0603,SMB122,NBFC LoanCo,Credit Line,806395,49346,15.59,4183,2024-06-18,Current,Yes,65,Snowball
D0604,SMB144,Bank A,Term Loan,880169,518408,5.69,19486,2024-04-30,Current,Yes,35,Consolidation
D0605,SMB128,Bank B,Equipment Loan,267591,239322,20.05,13950,2024-09-14,Current,Yes,74,Refinancing
D0606,SMB140,Private Lender,Term Loan,263615,53844,22.87,2513,2024-05-14,Overdue,Yes,42,Consolidation
D0607,SMB105,Bank B,Credit Line,56185,30909,20.19,1016,2024-01-27,Defaulted,Yes,73,Refinancing
D0608,SMB150,Bank C,Equipment Loan,940973,582302,13.18,12490,2024-01-17,Current,Yes,72,Avalanche
D0609,SMB118,NBFC LoanCo,Equipment Loan,681937,29970,19.85,1721,2024-04-23,Defaulted,Yes,68,Consolidation
D0610,SMB123,Bank B,Term Loan,952300,618740,6.89,47290,2024-03-13,Current,Yes,39,Refinancing
D0611,SMB144,NBFC LoanCo,Working Capital,214639,121759,8.24,4303,2025-01-23,Closed,Yes,69,Refinancing
D0612,SMB105,Bank A,Term Loan,725174,388848,11.52,33008,2024-09-23,Current,Yes,26,Avalanche
D0613,SMB130,Bank A,Working Capital,883862,210939,16.02,12472,2024-02-02,Closed,Yes,44,Refinancing
D0614,SMB106,Bank A,Credit Line,233221,97775,18.64,6302,2025-01-10,Overdue,Yes,22,Refinancing
D0615,SMB147,Bank A,Term Loan,754792,606957,14.31,54297,2024-09-12,Closed,Yes,77,Avalanche
D0616,SMB127,Bank A,Working Capital,377190,238757,11.8,4967,2024-10-14,Closed,Yes,22,Avalanche
D0617,SMB146,NBFC LoanCo,Working Capital,530099,16119,19.9,1030,2024-04-05,Closed,Yes,73,Avalanche
D0618,SMB117,Bank C,Working Capital,53558,32962,18.33,2766,2024-04-26,Closed,No,21,Snowball
D0619,SMB137,Bank C,Credit Line,944559,926570,23.43,92558,2024-04-20,Defaulted,Yes,79,Refinancing
D0620,SMB104,Bank B,Working Capital,371831,195410,34.99,11804,2025-01-13,Overdue,Yes,83,Consolidation
D0621,SMB114,Private Lender,Equipment Loan,205935,194356,18.67,3918,2024-05-22,Current,No,38,Refinancing
D0622,SMB125,Bank A,Equipment Loan,463015,381173,9.23,23480,2024-09-22,Current,Yes,53,Refinancing
D0623,SMB120,NBFC LoanCo,Credit Line,88962,5445,18.69,211,2024-09-26,Current,No,60,Refinancing
D0624,SMB123,Bank C,Equipment Loan,468580,410267,15.42,23333,2024-07-03,Closed,Yes,50,Snowball
D0625,SMB112,Private Lender,Working Capital,357794,55275,19.0,4096,2024-01-30,Current,Yes,76,Avalanche
D0626,SMB115,Bank B,Equipment Loan,149532,108447,22.76,9359,2024-11-08,Current,Yes,57,Refinancing
D0627,SMB143,Bank A,Term Loan,658081,38865,14.49,2468,2024-01-12,Closed,Yes,73,Avalanche
D0628,SMB132,Bank C,Credit Line,896313,834755,6.9,54078,2025-01-28,Current,Yes,57,Refinancing
D0629,SMB110,Bank B,Credit Line,810834,431959,5.96,41187,2024-04-09,Current,Yes,72,Avalanche
D0630,SMB150,Bank B,Term Loan,732214,534230,24.27,41168,2024-09-11,Closed,Yes,58,Refinancing
D0631,SMB101,Bank B,Credit Line,879117,311049,16.37,20278,2024-06-02,Defaulted,Yes,36,Refinancing
D0632,SMB106,Bank A,Equipment Loan,450681,219071,7.04,13104,2024-06-06,Closed,Yes,23,Consolidation
D0633,SMB149,Bank B,Equipment Loan,126072,92649,14.9,6932,2024-09-07,Overdue,Yes,40,Refinancing
D0634,SMB108,Bank A,Credit Line,149812,99358,10.29,6109,2024-09-25,Defaulted,Yes,78,Refinancing
D0635,SMB111,Private Lender,Credit Line,376905,54776,13.76,4975,2024-06-13,Overdue,Yes,26,Refinancing
D0636,SMB132,Bank C,Equipment Loan,913770,860794,9.01,22148,2024-12-24,Overdue,Yes,73,Consolidation
D0637,SMB130,Bank A,Credit Line,645629,153488,24.96,9360,2024-07-26,Current,Yes,48,Refinancing
D0638,SMB116,Bank C,Credit Line,341241,89444,15.56,4993,2024-02-16,Current,Yes,62,Refinancing
D0639,SMB111,Bank A,Term Loan,257747,30255,13.65,1576,2024-11-09,Closed,Yes,78,Avalanche
D0640,SMB109,Bank B,Working Capital,347998,107912,13.63,4134,2024-02-16,Defaulted,Yes,41,Consolidation
D0641,SMB108,Private Lender,Equipment Loan,414767,372191,6.86,21180,2024-03-06,Current,Yes,29,Consolidation
D0642,SMB123,Bank B,Credit Line,392467,117699,8.01,7874,2024-11-15,Overdue,Yes,24,Refinancing
D0643,SMB101,Private Lender,Equipment Loan,126771,87950,37.76,8037,2025-01-22,Overdue,Yes,99,Consolidation
D0644,SMB116,Bank C,Term Loan,826788,597415,22.51,52635,2024-06-01,Closed,Yes,21,Refinancing
D0645,SMB111,Bank B,Credit Line,936221,231022,14.35,9062,2024-12-23,Overdue,Yes,27,Refinancing
D0646,SMB105,Bank B,Working Capital,670012,64159,13.53,2788,2024-07-09,Overdue,Yes,66,Refinancing
D0647,SMB144,Bank B,Credit Line,319360,178068,7.48,16519,2024-02-14,Overdue,Yes,57,Refinancing
D0648,SMB110,Bank B,Equipment Loan,163337,66477,14.53,4705,2024-08-17,Overdue,Yes,22,Refinancing
D0649,SMB148,Bank B,Working Capital,504670,67370,19.42,3774,2024-12-19,Closed,Yes,79,Avalanche
D0650,SMB123,NBFC LoanCo,Term Loan,711090,353275,25.62,10742,2024-08-31,Overdue,Yes,91,Consolidation
D0651,SMB128,Bank B,Equipment Loan,857194,312448,19.75,23003,2025-01-22,Overdue,Yes,34,Consolidation
D0652,SMB144,Bank B,Term Loan,933602,494454,12.35,11489,2024-06-28,Closed,Yes,78,Avalanche
D0653,SMB127,Bank C,Credit Line,713135,257611,18.23,20936,2024-05-20,Current,Yes,73,Avalanche
D0654,SMB124,NBFC LoanCo,Working Capital,721718,181849,7.14,15595,2024-05-31,Defaulted,Yes,54,Consolidation
D0655,SMB130,Bank C,Working Capital,130614,102678,14.24,6454,2024-09-17,Current,Yes,71,Avalanche
D0656,SMB135,Bank C,Term Loan,920900,228353,9.16,17229,2024-09-16,Current,Yes,62,Consolidation
D0657,SMB116,Bank C,Term Loan,893985,790476,9.06,40626,2024-05-07,Defaulted,Yes,60,Refinancing
D0658,SMB111,Private Lender,Term Loan,962948,652338,15.26,32526,2024-03-30,Closed,Yes,57,Avalanche
D0659,SMB132,Bank A,Term Loan,955163,850516,16.32,21779,2024-03-31,Current,Yes,33,Consolidation
D0660,SMB147,NBFC LoanCo,Working Capital,101741,94327,13.19,3063,2024-10-07,Current,No,54,Avalanche
D0661,SMB117,Bank A,Term Loan,880736,479956,5.4,39625,2024-05-19,Defaulted,Yes,69,Consolidation
D0662,SMB116,Bank C,Working Capital,670526,670526,14.9,7802,2024-09-12,Defaulted,Yes,95,Consolidation
D0663,SMB105,Bank C,Working Capital,867917,867917,21.9,20867,2025-01-14,Defaulted,Yes,95,Consolidation
D0664,SMB129,NBFC LoanCo,Working Capital,154744,90609,10.79,2370,2024-10-10,Current,Yes,31,Avalanche
D0665,SMB135,Bank A,Working Capital,703498,510915,13.59,17531,2024-03-14,Overdue,Yes,53,Consolidation
D0666,SMB105,NBFC LoanCo,Credit Line,507649,477472,13.33,22097,2024-07-19,Current,Yes,35,Consolidation
D0667,SMB137,Bank B,Term Loan,559366,418532,7.5,32291,2024-12-04,Closed,Yes,33,Snowball
D0668,SMB121,Bank B,Equipment Loan,667166,22687,20.09,2116,2024-07-17,Defaulted,Yes,20,Refinancing
D0669,SMB120,Private Lender,Working Capital,576657,250387,17.56,18258,2024-04-29,Defaulted,Yes,41,Refinancing
D0670,SMB142,Private Lender,Term Loan,975199,79180,12.71,3532,2024-12-19,Closed,Yes,48,Avalanche
D0671,SMB115,NBFC LoanCo,Term Loan,860344,212927,25.04,8829,2024-04-11,Overdue,Yes,85,Refinancing
D0672,SMB122,Bank B,Working Capital,116409,110986,18.22,8589,2024-03-22,Closed,Yes,30,Snowball
D0673,SMB131,Bank B,Credit Line,599685,197452,30.57,11940,2024-10-01,Overdue,Yes,97,Refinancing
D0674,SMB121,Bank A,Equipment Loan,158904,143246,16.7,10720,2024-05-08,Overdue,No,66,Refinancing
D0675,SMB142,Private Lender,Term Loan,509960,138179,24.75,9834,2024-08-18,Defaulted,Yes,77,Refinancing
D0676,SMB150,NBFC LoanCo,Equipment Loan,608783,32538,19.92,1048,2024-08-16,Closed,Yes,69,Consolidation
D0677,SMB115,NBFC LoanCo,Working Capital,584734,24571,24.02,1613,2024-03-23,Overdue,Yes,54,Refinancing
D0678,SMB101,Private Lender,Credit Line,346571,263157,13.14,24224,2024-04-28,Current,Yes,73,Avalanche
D0679,SMB112,Bank B,Credit Line,209893,42534,16.07,2567,2025-01-29,Defaulted,Yes,60,Refinancing
D0680,SMB114,Private Lender,Term Loan,100694,30565,8.23,1062,2024-10-18,Closed,Yes,31,Snowball
D0681,SMB110,Bank C,Working Capital,994662,930937,9.91,28036,2024-03-22,Current,Yes,38,Consolidation
D0682,SMB101,Private Lender,Equipment Loan,300478,198377,14.8,17112,2025-01-25,Overdue,Yes,76,Consolidation
D0683,SMB126,Bank A,Term Loan,286641,191426,19.35,17589,2024-03-06,Defaulted,No,42,Consolidation
D0684,SMB111,Bank C,Term Loan,633060,153760,16.34,14242,2024-03-26,Current,Yes,67,Consolidation
D0685,SMB126,NBFC LoanCo,Working Capital,75397,45813,13.21,4138,2024-10-18,Defaulted,No,50,Refinancing
D0686,SMB116,Bank A,Equipment Loan,946652,926333,23.06,63897,2024-04-06,Overdue,Yes,58,Refinancing
D0687,SMB133,Bank A,Term Loan,201461,134867,13.63,9781,2024-01-25,Closed,Yes,77,Avalanche
D0688,SMB119,Bank C,Working Capital,145654,31826,6.49,2174,2024-06-05,Defaulted,Yes,20,Consolidation
D0689,SMB144,Bank B,Working Capital,455643,299667,7.96,26971,2024-06-25,Closed,Yes,73,Avalanche
D0690,SMB111,Bank A,Credit Line,902410,704051,15.18,25795,2024-02-23,Overdue,Yes,78,Refinancing
D0691,SMB111,Bank B,Equipment Loan,61250,10269,20.1,984,2024-08-21,Overdue,Yes,63,Refinancing
D0692,SMB150,NBFC LoanCo,Equipment Loan,639142,430787,20.39,23084,2024-04-29,Current,Yes,69,Refinancing
D0693,SMB147,Bank B,Credit Line,934652,743050,17.39,25129,2024-06-17,Defaulted,Yes,29,Consolidation
D0694,SMB127,NBFC LoanCo,Working Capital,53342,39602,13.86,1016,2025-02-03,Closed,Yes,71,Avalanche
D0695,SMB129,Bank A,Term Loan,731280,659647,11.06,65506,2024-06-07,Current,Yes,60,Consolidation
D0696,SMB147,Bank B,Term Loan,834027,262028,20.45,24639,2024-12-31,Defaulted,Yes,76,Consolidation
D0697,SMB133,Bank A,Credit Line,716171,85089,11.73,3353,2024-12-05,Current,Yes,59,Consolidation
D0698,SMB103,Bank C,Term Loan,938515,606364,20.01,31712,2024-09-18,Defaulted,Yes,61,Consolidation
D0699,SMB107,Bank B,Credit Line,442581,364586,18.27,13101,2024-02-18,Defaulted,Yes,46,Consolidation
D0700,SMB108,Bank C,Credit Line,525368,483991,16.92,33347,2024-03-03,Defaulted,Yes,73,Refinancing
D0701,SMB125,Bank C,Equipment Loan,292044,11940,7.39,765,2025-01-28,Overdue,Yes,68,Consolidation
D0702,SMB125,Bank C,Credit Line,608036,582357,7.37,39291,2024-07-20,Defaulted,Yes,69,Consolidation
D0703,SMB103,Bank A,Credit Line,660096,289236,20.43,23655,2024-06-21,Current,Yes,39,Refinancing
D0704,SMB127,Private Lender,Equipment Loan,998823,507120,19.2,36783,2024-11-12,Current,Yes,57,Snowball
D0705,SMB136,Bank A,Credit Line,213718,50531,18.75,3827,2024-02-08,Current,No,73,Avalanche
D0706,SMB148,Bank B,Working Capital,803204,110167,13.44,6538,2024-10-22,Defaulted,Yes,39,Consolidation
D0707,SMB140,Private Lender,Working Capital,635295,631297,7.66,57201,2024-10-27,Overdue,Yes,67,Refinancing
D0708,SMB128,Bank A,Equipment Loan,614483,401058,11.32,21975,2024-01-04,Defaulted,Yes,39,Refinancing
D0709,SMB134,NBFC LoanCo,Equipment Loan,323149,143509,17.29,5439,2024-09-29,Overdue,Yes,42,Refinancing
D0710,SMB141,Private Lender,Working Capital,824484,413147,18.15,30609,2024-09-28,Overdue,Yes,64,Refinancing
D0711,SMB141,Bank C,Working Capital,719049,462211,23.48,31328,2024-10-24,Defaulted,Yes,63,Refinancing
D0712,SMB127,Bank A,Credit Line,954294,223886,19.24,15524,2024-04-08,Closed,Yes,76,Avalanche
D0713,SMB122,Bank A,Working Capital,476148,6707,23.83,580,2024-11-12,Overdue,Yes,75,Refinancing
D0714,SMB117,Bank C,Term Loan,817001,139298,21.86,12607,2024-02-15,Overdue,Yes,36,Consolidation
D0715,SMB142,Bank A,Equipment Loan,599824,445804,23.07,37882,2025-01-26,Closed,Yes,20,Refinancing
D0716,SMB105,Private Lender,Working Capital,530546,380785,20.75,22572,2024-09-24,Current,Yes,25,Refinancing
D0717,SMB121,Private Lender,Term Loan,728446,100061,17.33,5366,2024-06-21,Overdue,Yes,73,Consolidation
D0718,SMB144,NBFC LoanCo,Credit Line,924142,150694,5.79,10479,2024-10-15,Closed,Yes,49,Snowball
D0719,SMB126,Bank B,Credit Line,793622,604107,5.78,50646,2024-10-22,Current,Yes,45,Consolidation
D0720,SMB118,Private Lender,Equipment Loan,538472,399570,10.65,36351,2024-10-29,Defaulted,Yes,46,Consolidation
D0721,SMB127,NBFC LoanCo,Credit Line,313679,186238,11.06,4697,2024-01-16,Defaulted,Yes,62,Consolidation
D0722,SMB130,Private Lender,Equipment Loan,477704,299646,28.38,24318,2024-12-18,Overdue,Yes,90,Refinancing
D0723,SMB107,Bank C,Working Capital,352463,311664,5.7,6507,2024-03-28,Current,Yes,66,Refinancing
D0724,SMB111,Private Lender,Equipment Loan,267382,232370,21.46,20446,2025-02-02,Defaulted,Yes,27,Consolidation
D0725,SMB138,Bank A,Equipment Loan,899670,553238,6.27,19554,2024-01-19,Defaulted,Yes,65,Consolidation
D0726,SMB131,Bank B,Equipment Loan,98342,51108,5.53,4855,2024-10-26,Defaulted,Yes,65,Consolidation
D0727,SMB104,Bank C,Working Capital,853684,360961,6.16,15331,2024-02-15,Closed,Yes,59,Refinancing
D0728,SMB137,Private Lender,Equipment Loan,499668,445212,19.06,36639,2024-04-19,Overdue,Yes,71,Refinancing
D0729,SMB111,Bank A,Term Loan,920199,79027,9.28,2267,2024-01-25,Current,Yes,28,Avalanche
D0730,SMB144,NBFC LoanCo,Equipment Loan,236880,82722,24.64,7988,2025-01-12,Closed,No,79,Refinancing
D0731,SMB105,NBFC LoanCo,Working Capital,705998,471882,23.43,14434,2025-01-04,Defaulted,Yes,47,Refinancing
D0732,SMB125,Bank B,Working Capital,484044,317726,5.29,15793,2024-10-14,Overdue,Yes,38,Refinancing
D0733,SMB130,Private Lender,Term Loan,934820,303503,14.55,26925,2024-11-15,Overdue,Yes,48,Consolidation
D0734,SMB101,NBFC LoanCo,Equipment Loan,311085,157586,12.49,14668,2025-02-03,Closed,Yes,34,Snowball
D0735,SMB143,Bank C,Term Loan,551226,551226,5.04,3399,2024-10-22,Defaulted,Yes,95,Refinancing
D0736,SMB121,Bank A,Term Loan,687104,561823,17.57,52700,2024-11-17,Defaulted,Yes,72,Consolidation
D0737,SMB136,Private Lender,Equipment Loan,910881,539739,24.49,23201,2024-09-03,Overdue,Yes,73,Refinancing
D0738,SMB114,NBFC LoanCo,Credit Line,436496,46531,17.57,3306,2024-03-30,Current,Yes,24,Avalanche
D0739,SMB109,Bank A,Credit Line,580479,208294,8.93,6650,2024-11-02,Closed,Yes,21,Refinancing
D0740,SMB105,Bank A,Term Loan,462678,78201,23.31,5473,2024-07-27,Closed,Yes,50,Refinancing
D0741,SMB137,Private Lender,Equipment Loan,987108,582715,5.16,24750,2024-02-21,Closed,Yes,21,Snowball
D0742,SMB145,Bank C,Working Capital,457952,111022,13.45,9308,2024-03-11,Current,Yes,41,Refinancing
D0743,SMB106,Bank C,Working Capital,537705,132189,16.7,4995,2025-01-28,Defaulted,Yes,45,Refinancing
D0744,SMB126,NBFC LoanCo,Term Loan,207799,70022,17.71,3043,2024-01-08,Defaulted,No,22,Consolidation
D0745,SMB102,Private Lender,Equipment Loan,980965,432905,7.64,14600,2024-01-29,Defaulted,Yes,36,Refinancing
D0746,SMB124,Bank B,Equipment Loan,169085,118041,17.43,2525,2024-01-22,Closed,No,31,Snowball
D0747,SMB141,NBFC LoanCo,Credit Line,384542,242499,12.81,12760,2024-12-06,Closed,Yes,20,Consolidation
D0748,SMB117,Bank A,Term Loan,590785,32758,21.7,2659,2024-11-01,Overdue,Yes,39,Consolidation
D0749,SMB118,NBFC LoanCo,Equipment Loan,545472,516821,14.72,42317,2024-08-29,Closed,Yes,76,Avalanche
D0750,SMB102,Bank B,Term Loan,71583,10589,18.66,821,2024-12-08,Overdue,No,28,Refinancing
D0751,SMB128,NBFC LoanCo,Term Loan,174682,79805,10.45,2795,2024-11-02,Current,No,27,Snowball
D0752,SMB117,Bank B,Term Loan,875124,336313,8.63,12765,2024-03-02,Defaulted,Yes,70,Consolidation
D0753,SMB146,NBFC LoanCo,Credit Line,589333,533085,14.0,45591,2024-07-08,Overdue,Yes,56,Refinancing
D0754,SMB145,NBFC LoanCo,Credit Line,412359,348680,31.32,10603,2025-01-14,Overdue,Yes,92,Consolidation
D0755,SMB102,Bank B,Working Capital,127589,29426,20.34,2810,2024-04-21,Defaulted,No,79,Consolidation
D0756,SMB139,Bank B,Equipment Loan,547498,219840,17.23,10761,2024-11-30,Defaulted,Yes,34,Consolidation
D0757,SMB106,Bank B,Credit Line,367105,195982,9.13,13792,2024-10-11,Closed,Yes,34,Snowball
D0758,SMB135,NBFC LoanCo,Term Loan,71282,12003,14.94,276,2024-11-04,Current,No,24,Snowball
D0759,SMB146,Bank B,Equipment Loan,575252,349083,31.07,31063,2024-05-14,Overdue,Yes,89,Consolidation
D0760,SMB123,NBFC LoanCo,Equipment Loan,276978,197771,13.79,14237,2024-08-07,Current,Yes,74,Avalanche
D0761,SMB116,Bank B,Equipment Loan,806796,287764,11.52,26542,2024-08-16,Overdue,Yes,66,Refinancing
D0762,SMB135,Private Lender,Term Loan,891274,701581,9.16,56588,2025-01-31,Current,Yes,23,Refinancing
D0763,SMB137,NBFC LoanCo,Term Loan,931781,7504,19.38,226,2024-04-24,Current,Yes,23,Avalanche
D0764,SMB124,Bank B,Working Capital,546013,433279,14.65,37713,2024-04-24,Overdue,Yes,47,Consolidation
D0765,SMB142,Bank C,Term Loan,319378,140410,10.92,7776,2024-09-16,Defaulted,Yes,75,Consolidation
D0766,SMB102,Bank B,Equipment Loan,468845,266657,9.18,13874,2024-01-09,Current,Yes,79,Avalanche
D0767,SMB129,NBFC LoanCo,Credit Line,652381,372282,5.74,22294,2024-07-11,Overdue,Yes,45,Refinancing
D0768,SMB128,Bank B,Working Capital,89445,83501,19.33,3646,2024-07-28,Current,Yes,72,Avalanche
D0769,SMB120,Bank B,Equipment Loan,186597,14175,39.81,1328,2024-08-08,Overdue,No,90,Refinancing
D0770,SMB134,Bank B,Term Loan,638168,99860,22.37,4823,2025-01-11,Current,Yes,57,Refinancing
D0771,SMB130,Bank C,Working Capital,868017,408786,17.69,23354,2024-11-28,Overdue,Yes,52,Consolidation
D0772,SMB134,Private Lender,Term Loan,509649,297221,19.09,26569,2024-03-01,Defaulted,Yes,29,Refinancing
D0773,SMB128,Bank B,Term Loan,142927,119873,13.5,6854,2024-03-25,Defaulted,No,50,Refinancing
D0774,SMB117,Bank A,Working Capital,210238,163140,6.48,8655,2024-09-09,Defaulted,Yes,41,Consolidation
D0775,SMB149,Bank A,Working Capital,856508,404739,15.23,22785,2024-03-12,Current,Yes,48,Consolidation
D0776,SMB128,NBFC LoanCo,Term Loan,57229,33941,10.72,1443,2024-01-22,Current,Yes,33,Snowball
D0777,SMB116,Private Lender,Equipment Loan,121582,10682,24.58,1028,2024-05-01,Closed,No,31,Refinancing
D0778,SMB119,Bank A,Working Capital,551580,201714,7.4,13947,2024-12-27,Overdue,Yes,24,Consolidation
D0779,SMB102,Bank A,Equipment Loan,138393,25170,28.06,1056,2024-11-21,Overdue,Yes,85,Consolidation
D0780,SMB110,Private Lender,Credit Line,455974,145529,6.05,8182,2024-06-26,Defaulted,Yes,41,Consolidation
D0781,SMB102,NBFC LoanCo,Credit Line,983336,752632,15.01,17945,2024-08-23,Defaulted,Yes,23,Consolidation
D0782,SMB133,NBFC LoanCo,Equipment Loan,289026,144427,12.93,9819,2024-07-12,Current,Yes,29,Consolidation
D0783,SMB123,NBFC LoanCo,Credit Line,252491,119982,22.18,5665,2024-12-23,Current,Yes,26,Refinancing
D0784,SMB104,Private Lender,Term Loan,598719,589781,6.13,11917,2024-01-17,Closed,Yes,43,Refinancing
D0785,SMB148,NBFC LoanCo,Equipment Loan,98242,92691,13.67,8662,2024-03-15,Current,Yes,50,Snowball
D0786,SMB135,Bank C,Term Loan,978286,641458,16.29,16465,2024-07-15,Closed,Yes,75,Avalanche
D0787,SMB141,Bank A,Term Loan,752181,180406,19.39,5430,2024-03-26,Overdue,Yes,54,Consolidation
D0788,SMB130,Bank C,Working Capital,199031,40515,21.98,1356,2024-03-29,Closed,No,20,Refinancing
D0789,SMB120,NBFC LoanCo,Term Loan,333942,301906,16.26,19468,2024-03-05,Defaulted,Yes,35,Refinancing
D0790,SMB103,Bank B,Term Loan,69555,42609,9.29,2441,2024-11-11,Current,No,54,Avalanche
D0791,SMB105,Private Lender,Credit Line,346091,3106,20.74,138,2025-01-04,Defaulted,Yes,37,Consolidation
D0792,SMB128,Bank C,Credit Line,657156,23500,9.94,732,2024-10-14,Overdue,Yes,70,Refinancing
D0793,SMB102,NBFC LoanCo,Credit Line,612149,259263,11.63,19407,2024-06-23,Defaulted,Yes,41,Refinancing
D0794,SMB132,Bank C,Credit Line,583993,394247,19.99,22376,2024-06-11,Closed,Yes,29,Snowball
D0795,SMB120,NBFC LoanCo,Equipment Loan,415973,229719,5.61,22265,2024-09-09,Defaulted,Yes,20,Consolidation
D0796,SMB120,Private Lender,Working Capital,733397,440117,19.97,33467,2024-07-11,Closed,Yes,61,Consolidation
D0797,SMB146,Bank C,Credit Line,295428,47140,5.62,4260,2024-04-20,Closed,Yes,44,Snowball
D0798,SMB141,Bank B,Equipment Loan,748565,249786,11.43,8533,2024-06-25,Defaulted,Yes,71,Consolidation
D0799,SMB142,Bank B,Working Capital,401222,149295,17.64,8986,2024-07-19,Defaulted,Yes,37,Consolidation
D0800,SMB143,Bank B,Equipment Loan,505643,368899,15.45,18355,2024-02-05,Overdue,Yes,32,Consolidation
D0801,SMB146,Bank A,Working Capital,944784,545938,22.92,15584,2024-02-17,Defaulted,Yes,68,Consolidation
D0802,SMB121,Bank A,Term Loan,484453,141722,22.12,2890,2024-08-31,Closed,Yes,66,Refinancing
D0803,SMB136,Bank A,Equipment Loan,289035,16599,18.58,1534,2024-12-29,Overdue,Yes,76,Refinancing
D0804,SMB130,NBFC LoanCo,Term Loan,146328,83610,11.66,6096,2024-03-15,Closed,No,62,Avalanche
D0805,SMB101,Bank A,Credit Line,374442,89173,18.32,8307,2024-06-17,Overdue,Yes,49,Consolidation
D0806,SMB129,NBFC LoanCo,Term Loan,752764,752764,12.55,12395,2024-07-02,Defaulted,Yes,95,Consolidation
D0807,SMB150,NBFC LoanCo,Credit Line,542168,241126,11.57,7282,2024-08-17,Current,Yes,39,Snowball
D0808,SMB101,Bank A,Working Capital,519754,397088,13.65,21447,2024-12-29,Defaulted,Yes,66,Refinancing
D0809,SMB135,Private Lender,Credit Line,374971,213644,18.85,5922,2024-11-05,Overdue,Yes,66,Refinancing
D0810,SMB149,Bank B,Working Capital,867775,709887,20.68,50891,2024-06-06,Closed,Yes,44,Refinancing
D0811,SMB113,Private Lender,Working Capital,360494,315296,39.63,29962,2024-09-21,Overdue,Yes,88,Refinancing
D0812,SMB129,Bank A,Credit Line,416359,416359,16.5,10579,2024-10-10,Defaulted,Yes,95,Refinancing
D0813,SMB138,Private Lender,Working Capital,946393,754353,6.17,68712,2024-09-30,Overdue,Yes,38,Refinancing
D0814,SMB106,Bank B,Credit Line,522497,293847,10.07,29180,2024-09-20,Overdue,Yes,76,Refinancing
D0815,SMB114,Private Lender,Working Capital,795221,761292,9.78,57840,2024-03-21,Current,Yes,75,Avalanche
D0816,SMB146,Bank C,Working Capital,199926,53847,20.47,2572,2024-09-04,Current,No,49,Refinancing
D0817,SMB127,Bank B,Equipment Loan,266774,223802,12.77,7532,2024-01-19,Closed,No,55,Consolidation
D0818,SMB129,NBFC LoanCo,Term Loan,906864,604961,9.73,18426,2024-03-26,Overdue,Yes,59,Refinancing
D0819,SMB116,NBFC LoanCo,Term Loan,917784,105706,17.62,7908,2024-09-15,Current,Yes,62,Snowball
D0820,SMB124,NBFC LoanCo,Working Capital,895470,727597,39.94,50609,2024-09-23,Overdue,Yes,84,Refinancing
D0821,SMB119,Bank B,Term Loan,349757,111640,9.76,5762,2024-10-31,Current,Yes,51,Snowball
D0822,SMB133,Private Lender,Working Capital,981116,175116,16.43,3640,2024-02-05,Overdue,Yes,67,Refinancing
D0823,SMB144,NBFC LoanCo,Working Capital,245756,245756,18.46,16062,2024-11-03,Defaulted,Yes,95,Refinancing
D0824,SMB124,Bank A,Working Capital,259954,132476,22.72,11027,2024-11-29,Closed,Yes,75,Refinancing
D0825,SMB124,Bank A,Equipment Loan,330571,264676,23.42,11134,2024-06-02,Closed,Yes,35,Refinancing
D0826,SMB108,Private Lender,Term Loan,823122,541332,37.81,49528,2024-03-28,Overdue,Yes,96,Refinancing
D0827,SMB111,Private Lender,Term Loan,640742,187819,18.47,5019,2024-12-24,Defaulted,Yes,79,Refinancing
D0828,SMB109,Bank A,Working Capital,235993,126867,18.97,4166,2024-11-20,Current,Yes,41,Snowball
D0829,SMB146,Bank B,Credit Line,878563,664844,10.51,61307,2024-05-13,Overdue,Yes,37,Refinancing
D0830,SMB120,Private Lender,Term Loan,116642,1664,10.5,131,2024-03-22,Defaulted,Yes,56,Refinancing
D0831,SMB126,Bank B,Credit Line,820747,423907,17.35,22194,2024-01-10,Defaulted,Yes,38,Refinancing
D0832,SMB107,Bank A,Working Capital,87096,80133,5.87,2281,2024-12-20,Overdue,Yes,34,Consolidation
D0833,SMB117,Bank B,Equipment Loan,100539,28546,18.09,2599,2024-08-20,Overdue,No,68,Refinancing
D0834,SMB149,Bank C,Term Loan,431349,44067,8.24,3677,2025-01-01,Overdue,Yes,57,Refinancing
D0835,SMB101,Bank B,Term Loan,408952,219038,17.63,5056,2024-05-08,Overdue,Yes,65,Refinancing
D0836,SMB108,Bank B,Term Loan,357966,98978,21.64,8682,2024-12-29,Current,Yes,74,Refinancing
D0837,SMB122,Bank C,Equipment Loan,909051,287255,5.85,12560,2024-05-07,Overdue,Yes,43,Consolidation
D0838,SMB117,Bank A,Term Loan,213412,168900,23.96,12076,2024-02-07,Current,Yes,50,Refinancing
D0839,SMB131,NBFC LoanCo,Credit Line,171584,38183,21.94,2662,2024-08-03,Defaulted,No,72,Refinancing
D0840,SMB132,Bank B,Term Loan,591025,231653,27.54,22029,2024-04-10,Overdue,Yes,90,Consolidation
D0841,SMB145,Bank C,Equipment Loan,634769,620470,24.05,33718,2024-03-13,Current,Yes,27,Refinancing
D0842,SMB116,NBFC LoanCo,Credit Line,957979,339823,20.56,27351,2024-01-24,Overdue,Yes,35,Refinancing
D0843,SMB143,Bank C,Working Capital,120546,104474,18.61,3704,2024-04-16,Closed,No,72,Avalanche
D0844,SMB106,Bank C,Equipment Loan,591048,26112,17.93,1499,2024-08-19,Defaulted,Yes,55,Consolidation
D0845,SMB114,Bank B,Credit Line,570367,213832,16.26,5238,2024-05-09,Closed,Yes,32,Avalanche
D0846,SMB119,Private Lender,Working Capital,328728,148167,21.64,12309,2025-01-02,Overdue,Yes,64,Consolidation
D0847,SMB150,Private Lender,Credit Line,748354,550131,22.36,19418,2024-01-20,Defaulted,Yes,69,Refinancing
D0848,SMB135,Bank A,Term Loan,316302,244139,16.46,17083,2025-01-11,Overdue,Yes,58,Consolidation
D0849,SMB150,Private Lender,Term Loan,765101,621800,6.57,27597,2025-01-15,Closed,Yes,48,Avalanche
D0850,SMB115,Private Lender,Working Capital,443426,21271,10.12,2089,2024-05-02,Current,Yes,28,Refinancing
D0851,SMB136,Bank A,Equipment Loan,140305,136183,14.3,9326,2024-08-22,Overdue,Yes,23,Refinancing
D0852,SMB109,Private Lender,Equipment Loan,178486,68740,7.12,3657,2025-01-11,Current,No,26,Consolidation
D0853,SMB124,Bank A,Term Loan,561618,59273,9.87,1576,2024-11-29,Closed,Yes,59,Consolidation
D0854,SMB128,Bank C,Credit Line,319048,88724,12.62,7719,2024-12-08,Defaulted,Yes,53,Refinancing
D0855,SMB143,Bank C,Term Loan,505718,168164,16.67,13192,2024-12-23,Closed,Yes,62,Consolidation
D0856,SMB125,Bank A,Credit Line,955162,262192,10.12,22754,2024-09-29,Defaulted,Yes,66,Consolidation
D0857,SMB111,Bank B,Credit Line,826919,807872,16.05,78271,2024-05-04,Defaulted,Yes,58,Consolidation
D0858,SMB139,Private Lender,Equipment Loan,797911,637678,14.78,47629,2024-06-03,Overdue,Yes,59,Consolidation
D0859,SMB148,Bank C,Term Loan,726638,607965,9.02,50340,2024-09-09,Overdue,Yes,68,Refinancing
D0860,SMB133,Bank B,Term Loan,80070,48379,13.49,2739,2024-09-18,Current,No,77,Avalanche
D0861,SMB110,Bank A,Credit Line,455847,5083,7.19,387,2024-04-06,Overdue,Yes,21,Consolidation
D0862,SMB127,Bank B,Term Loan,569149,143720,16.8,4349,2024-07-07,Closed,Yes,50,Snowball
D0863,SMB108,Bank C,Equipment Loan,700822,34423,8.61,3298,2024-04-04,Defaulted,Yes,49,Refinancing
D0864,SMB125,Private Lender,Credit Line,779086,482418,13.41,31453,2024-01-23,Current,Yes,69,Snowball
D0865,SMB114,Private Lender,Credit Line,868254,150242,11.39,13325,2024-01-11,Defaulted,Yes,68,Consolidation
D0866,SMB122,Private Lender,Equipment Loan,72164,20574,15.62,987,2024-07-30,Closed,Yes,25,Avalanche
D0867,SMB129,NBFC LoanCo,Term Loan,388049,30922,11.99,2683,2025-01-08,Overdue,Yes,22,Consolidation
D0868,SMB142,Private Lender,Credit Line,610230,259082,18.08,6510,2024-03-28,Defaulted,Yes,27,Refinancing
D0869,SMB120,Bank B,Working Capital,147511,43911,6.3,1621,2024-04-16,Overdue,Yes,55,Refinancing
D0870,SMB134,Bank C,Equipment Loan,584870,461759,21.79,9245,2024-06-01,Current,Yes,38,Refinancing
D0871,SMB142,Private Lender,Term Loan,760487,605767,17.32,17466,2024-08-16,Overdue,Yes,60,Consolidation
D0872,SMB128,Bank B,Working Capital,330271,263822,17.79,17222,2024-07-30,Overdue,Yes,28,Refinancing
D0873,SMB104,Bank A,Term Loan,212964,196383,26.4,10904,2024-02-22,Overdue,Yes,93,Refinancing
D0874,SMB132,Bank A,Credit Line,111218,57180,11.12,3920,2024-08-16,Defaulted,Yes,76,Refinancing
D0875,SMB134,Bank A,Term Loan,165413,72849,23.19,4664,2024-04-17,Defaulted,Yes,72,Consolidation
D0876,SMB101,Bank C,Credit Line,988560,422735,16.02,23237,2024-02-26,Overdue,Yes,55,Consolidation
D0877,SMB132,Bank B,Term Loan,113555,100896,9.61,8416,2024-11-11,Overdue,Yes,59,Refinancing
D0878,SMB106,Bank B,Term Loan,262744,98395,23.37,5522,2024-07-01,Defaulted,No,61,Consolidation
D0879,SMB120,Bank C,Working Capital,601659,601659,16.79,6141,2024-08-18,Defaulted,Yes,95,Refinancing
D0880,SMB122,Bank A,Working Capital,365052,227894,13.04,14546,2024-03-30,Closed,Yes,71,Avalanche
D0881,SMB105,Bank C,Credit Line,505924,235031,14.71,13051,2024-06-16,Overdue,Yes,78,Consolidation
D0882,SMB131,NBFC LoanCo,Equipment Loan,922723,597613,8.82,16875,2024-04-18,Overdue,Yes,67,Consolidation
D0883,SMB110,Private Lender,Working Capital,495568,430574,20.32,18172,2024-03-20,Overdue,Yes,20,Consolidation
D0884,SMB113,Bank C,Working Capital,110092,53672,10.01,5234,2024-06-17,Current,Yes,61,Avalanche
D0885,SMB141,Bank B,Credit Line,835229,34564,19.45,2168,2024-11-07,Current,Yes,75,Avalanche
D0886,SMB137,Bank B,Term Loan,921706,482265,7.72,41168,2024-06-22,Defaulted,Yes,60,Refinancing
D0887,SMB129,Bank A,Term Loan,838920,444440,7.01,41062,2024-01-25,Overdue,Yes,67,Consolidation
D0888,SMB118,Bank C,Working Capital,96177,92430,16.56,7140,2024-07-15,Current,Yes,57,Consolidation
D0889,SMB143,Bank A,Term Loan,63006,46509,16.08,4635,2024-03-20,Overdue,Yes,53,Refinancing
D0890,SMB133,Bank A,Working Capital,620390,227171,20.84,9047,2025-01-05,Overdue,Yes,34,Consolidation
D0891,SMB130,Bank C,Term Loan,848570,35799,19.79,1235,2024-06-05,Closed,Yes,46,Consolidation
D0892,SMB120,Private Lender,Term Loan,905972,63165,6.45,4010,2024-06-14,Defaulted,Yes,27,Consolidation
D0893,SMB122,Bank C,Term Loan,818088,163880,12.48,8652,2024-08-07,Closed,Yes,63,Consolidation
D0894,SMB112,Bank B,Working Capital,264101,165306,23.51,13401,2024-04-10,Current,Yes,46,Refinancing
D0895,SMB150,Bank C,Term Loan,486540,381196,14.68,24067,2024-02-08,Overdue,Yes,68,Consolidation
D0896,SMB115,NBFC LoanCo,Equipment Loan,229110,52013,14.04,5123,2024-11-21,Current,Yes,51,Refinancing
D0897,SMB107,Private Lender,Credit Line,639767,310440,13.97,30496,2024-10-06,Closed,Yes,45,Avalanche
D0898,SMB138,Bank B,Equipment Loan,258522,198572,36.68,12084,2024-12-22,Overdue,Yes,80,Refinancing
D0899,SMB137,Bank B,Credit Line,228507,155392,5.38,11341,2024-10-16,Current,Yes,22,Consolidation
D0900,SMB133,Bank A,Equipment Loan,94504,38840,19.16,2928,2024-08-20,Closed,Yes,34,Refinancing
D0901,SMB113,Bank B,Equipment Loan,263936,163665,15.5,6154,2024-11-08,Current,Yes,70,Consolidation
D0902,SMB125,Bank B,Credit Line,107830,63162,10.47,6312,2025-02-02,Defaulted,No,23,Consolidation
D0903,SMB105,Bank B,Term Loan,844037,279974,10.6,21022,2025-01-13,Current,Yes,27,Consolidation
D0904,SMB106,Private Lender,Working Capital,418729,86199,11.04,2914,2024-05-14,Defaulted,Yes,34,Refinancing
D0905,SMB101,Private Lender,Equipment Loan,288579,219308,18.32,10991,2024-07-02,Defaulted,No,44,Consolidation
D0906,SMB106,Private Lender,Equipment Loan,442639,242919,6.08,19839,2024-10-29,Current,Yes,46,Consolidation
D0907,SMB109,Bank C,Working Capital,548063,506030,24.8,37463,2024-01-27,Current,Yes,60,Refinancing
D0908,SMB136,NBFC LoanCo,Credit Line,723863,323613,17.11,18684,2024-02-04,Defaulted,Yes,61,Consolidation
D0909,SMB130,Bank A,Equipment Loan,51213,24123,17.78,709,2024-09-17,Overdue,No,76,Refinancing
D0910,SMB138,NBFC LoanCo,Credit Line,480397,75614,21.41,2766,2024-09-03,Defaulted,Yes,42,Refinancing
D0911,SMB117,Private Lender,Working Capital,355268,308373,12.4,11627,2024-07-05,Current,Yes,73,Avalanche
D0912,SMB127,Bank A,Working Capital,292172,231961,12.23,18462,2024-12-21,Closed,No,35,Refinancing
D0913,SMB110,Private Lender,Equipment Loan,946360,51225,11.84,2786,2024-06-26,Closed,Yes,35,Avalanche
D0914,SMB144,Bank B,Credit Line,124514,55587,16.35,5458,2024-09-30,Closed,No,53,Avalanche
D0915,SMB120,Private Lender,Credit Line,606188,2472,36.56,153,2024-09-17,Overdue,Yes,91,Refinancing
D0916,SMB114,Bank A,Credit Line,868768,556828,12.5,21087,2024-10-09,Current,Yes,23,Snowball
D0917,SMB129,Private Lender,Working Capital,774945,66228,13.43,1653,2024-12-12,Overdue,Yes,61,Consolidation
D0918,SMB103,Private Lender,Term Loan,546733,287295,8.62,20156,2024-03-01,Current,Yes,71,Avalanche
D0919,SMB111,Bank C,Equipment Loan,138086,110793,15.24,3441,2024-07-06,Closed,Yes,22,Avalanche
D0920,SMB144,Bank B,Equipment Loan,886227,218757,24.63,19585,2024-07-18,Closed,Yes,57,Refinancing
D0921,SMB149,Bank C,Working Capital,976509,635786,16.12,56588,2024-12-28,Overdue,Yes,29,Consolidation
D0922,SMB126,Private Lender,Equipment Loan,171963,89894,15.82,5623,2024-06-12,Current,No,32,Consolidation
D0923,SMB132,Bank A,Working Capital,608284,25726,23.21,1664,2024-09-30,Overdue,Yes,45,Refinancing
D0924,SMB124,Bank A,Credit Line,144574,94931,12.95,6894,2024-05-10,Defaulted,Yes,64,Consolidation
D0925,SMB144,Bank C,Term Loan,643972,58979,15.42,3437,2024-07-01,Defaulted,Yes,60,Consolidation
D0926,SMB101,NBFC LoanCo,Credit Line,338929,184284,7.26,8894,2024-05-27,Current,Yes,51,Avalanche
D0927,SMB106,Bank A,Term Loan,786714,391120,5.21,12196,2024-12-01,Current,Yes,75,Avalanche
D0928,SMB125,Bank C,Credit Line,384894,356876,19.19,29909,2024-06-13,Overdue,Yes,35,Consolidation
D0929,SMB133,Bank A,Working Capital,769415,133212,24.49,2668,2024-03-31,Defaulted,Yes,42,Refinancing
D0930,SMB125,Bank B,Term Loan,84196,54744,25.47,2451,2024-02-29,Overdue,Yes,99,Refinancing
D0931,SMB145,Private Lender,Working Capital,289015,218299,10.14,18158,2024-09-11,Current,No,55,Refinancing
D0932,SMB117,Bank C,Equipment Loan,300749,68114,15.61,3463,2024-08-12,Closed,Yes,37,Avalanche
D0933,SMB115,Bank C,Term Loan,268629,268629,33.29,7565,2024-06-08,Defaulted,Yes,95,Refinancing
D0934,SMB121,Bank C,Credit Line,617258,609077,16.31,18662,2024-10-23,Defaulted,Yes,54,Consolidation
D0935,SMB134,NBFC LoanCo,Term Loan,744683,100001,24.58,2415,2025-01-27,Current,Yes,69,Refinancing
D0936,SMB128,Bank C,Working Capital,292931,203760,24.42,13597,2024-02-12,Defaulted,Yes,46,Consolidation
D0937,SMB150,Bank A,Term Loan,410424,404294,22.98,30901,2024-02-13,Overdue,Yes,52,Consolidation
D0938,SMB120,Bank A,Credit Line,333148,25622,5.42,1223,2024-07-14,Overdue,Yes,55,Refinancing
D0939,SMB138,Bank C,Working Capital,574346,570813,24.68,27333,2024-10-10,Current,Yes,42,Refinancing
D0940,SMB149,NBFC LoanCo,Working Capital,65528,57921,7.94,5096,2024-09-14,Current,No,33,Refinancing
D0941,SMB122,NBFC LoanCo,Equipment Loan,511051,349788,12.67,17661,2025-01-13,Current,Yes,45,Refinancing
D0942,SMB101,NBFC LoanCo,Working Capital,419267,416663,24.61,25011,2024-12-08,Closed,Yes,60,Refinancing
D0943,SMB130,Private Lender,Equipment Loan,933751,22726,21.2,2191,2024-10-09,Overdue,Yes,29,Consolidation
D0944,SMB133,Bank A,Equipment Loan,436758,333975,8.09,8237,2025-01-21,Current,Yes,75,Avalanche
D0945,SMB108,Private Lender,Term Loan,440250,11648,15.8,785,2024-12-04,Overdue,Yes,70,Consolidation
D0946,SMB106,Bank A,Credit Line,311945,311945,15.08,15902,2025-01-07,Defaulted,Yes,95,Consolidation
D0947,SMB146,Bank A,Equipment Loan,869301,222348,15.2,6870,2024-03-17,Closed,Yes,28,Snowball
D0948,SMB138,Bank A,Term Loan,937159,125324,22.66,9010,2024-11-11,Current,Yes,39,Refinancing
D0949,SMB135,Bank A,Term Loan,398634,32717,15.87,1012,2024-07-25,Closed,Yes,22,Refinancing
D0950,SMB142,Bank A,Working Capital,849476,544988,22.52,30851,2024-08-13,Defaulted,Yes,71,Consolidation
D0951,SMB145,Bank A,Equipment Loan,697932,674986,24.57,26590,2024-05-05,Current,Yes,44,Refinancing
D0952,SMB132,Private Lender,Equipment Loan,93702,2435,29.22,155,2024-09-22,Overdue,Yes,93,Consolidation
D0953,SMB121,Private Lender,Credit Line,962467,858553,24.01,60306,2024-08-31,Current,Yes,46,Refinancing
D0954,SMB112,Private Lender,Working Capital,788809,557354,8.51,51184,2024-10-25,Closed,Yes,51,Refinancing
D0955,SMB110,NBFC LoanCo,Credit Line,813136,410397,18.99,12893,2024-03-09,Closed,Yes,37,Refinancing
D0956,SMB108,NBFC LoanCo,Equipment Loan,885447,63404,21.77,4659,2024-03-14,Overdue,Yes,52,Consolidation
D0957,SMB145,Bank A,Equipment Loan,947622,470534,26.69,36222,2024-10-16,Overdue,Yes,97,Consolidation
D0958,SMB149,Bank A,Working Capital,433314,6228,11.46,269,2025-02-01,Closed,Yes,27,Consolidation
D0959,SMB131,NBFC LoanCo,Working Capital,802812,491244,21.34,11790,2024-04-01,Overdue,Yes,68,Refinancing
D0960,SMB105,Bank A,Equipment Loan,626375,188600,6.61,17892,2024-08-28,Closed,Yes,60,Avalanche
D0961,SMB133,Bank A,Term Loan,732706,88561,12.89,5070,2024-03-02,Current,Yes,30,Consolidation
D0962,SMB123,Bank C,Term Loan,795620,749172,11.31,24800,2024-05-28,Defaulted,Yes,40,Refinancing
D0963,SMB126,Bank B,Working Capital,927930,452340,9.63,17051,2024-11-27,Defaulted,Yes,29,Consolidation
D0964,SMB112,NBFC LoanCo,Working Capital,923102,355822,24.63,10393,2024-08-27,Current,Yes,47,Refinancing
D0965,SMB137,Private Lender,Term Loan,405904,161382,23.93,11221,2025-01-27,Current,Yes,37,Refinancing
D0966,SMB121,Private Lender,Term Loan,282247,115189,10.81,4458,2024-01-03,Current,No,30,Consolidation
D0967,SMB116,NBFC LoanCo,Credit Line,619508,462713,29.76,27725,2024-07-03,Overdue,Yes,97,Consolidation
D0968,SMB129,Private Lender,Credit Line,122545,122382,9.87,5045,2024-03-02,Closed,No,69,Consolidation
D0969,SMB145,Bank C,Credit Line,827000,590026,32.82,47478,2024-12-17,Overdue,Yes,91,Refinancing
D0970,SMB116,NBFC LoanCo,Credit Line,393303,40361,14.97,2032,2024-06-04,Overdue,Yes,62,Refinancing
D0971,SMB105,Bank A,Term Loan,245447,170201,10.07,8812,2024-03-13,Closed,Yes,25,Avalanche
D0972,SMB133,Bank C,Working Capital,64872,20734,17.85,1864,2024-07-24,Closed,Yes,70,Refinancing
D0973,SMB116,Bank A,Credit Line,383275,230282,5.7,15325,2024-05-05,Current,Yes,53,Avalanche
D0974,SMB131,NBFC LoanCo,Credit Line,843274,634052,19.29,24228,2024-12-19,Current,Yes,79,Avalanche
D0975,SMB129,Bank A,Credit Line,927997,93023,20.86,8947,2024-05-24,Closed,Yes,65,Refinancing
D0976,SMB147,NBFC LoanCo,Credit Line,523970,288030,15.89,21702,2024-03-01,Overdue,Yes,21,Refinancing
D0977,SMB118,NBFC LoanCo,Credit Line,962034,386054,15.92,36080,2024-09-23,Defaulted,Yes,78,Consolidation
D0978,SMB134,Bank A,Equipment Loan,890312,98517,6.58,4331,2024-04-17,Closed,Yes,26,Avalanche
D0979,SMB129,Private Lender,Working Capital,146573,146573,11.18,3594,2024-09-03,Defaulted,No,95,Consolidation
D0980,SMB143,Bank B,Term Loan,656688,310710,8.44,12383,2024-09-17,Defaulted,Yes,74,Consolidation
D0981,SMB135,Bank B,Working Capital,988649,872704,19.43,84589,2024-12-27,Defaulted,Yes,76,Refinancing
D0982,SMB101,Bank B,Credit Line,344140,120587,14.45,9322,2024-10-03,Current,Yes,76,Avalanche
D0983,SMB136,NBFC LoanCo,Equipment Loan,940217,17021,9.92,1034,2024-08-14,Current,Yes,23,Snowball
D0984,SMB101,Bank A,Working Capital,817505,628917,8.62,53383,2025-01-10,Overdue,Yes,67,Refinancing
D0985,SMB113,Private Lender,Credit Line,417370,7344,8.66,532,2024-05-28,Overdue,Yes,54,Refinancing
D0986,SMB107,NBFC LoanCo,Working Capital,73739,43647,16.17,1964,2024-11-22,Defaulted,Yes,67,Consolidation
D0987,SMB129,NBFC LoanCo,Credit Line,930864,587917,10.76,49463,2024-03-08,Current,Yes,37,Refinancing
D0988,SMB103,NBFC LoanCo,Term Loan,100232,12948,15.96,925,2024-04-17,Defaulted,Yes,47,Consolidation
D0989,SMB127,Bank A,Credit Line,138300,113011,7.1,2803,2024-03-20,Closed,No,72,Avalanche
D0990,SMB136,Bank A,Working Capital,724312,724312,11.89,16294,2025-01-29,Defaulted,Yes,95,Refinancing
D0991,SMB106,NBFC LoanCo,Working Capital,200399,76365,12.39,2191,2024-11-23,Current,Yes,67,Consolidation
D0992,SMB116,Bank C,Term Loan,799153,333975,20.18,16407,2024-03-14,Defaulted,Yes,77,Refinancing
D0993,SMB134,Bank A,Working Capital,290074,151414,16.49,6238,2024-06-30,Overdue,No,63,Consolidation
D0994,SMB125,Private Lender,Term Loan,297919,219433,16.49,18384,2024-12-08,Current,Yes,42,Consolidation
D0995,SMB123,Private Lender,Credit Line,467280,95468,8.56,2131,2024-06-23,Overdue,Yes,71,Refinancing
D0996,SMB121,Private Lender,Term Loan,916254,533149,10.68,47652,2024-04-28,Defaulted,Yes,31,Consolidation
D0997,SMB138,Bank C,Term Loan,648253,521959,20.52,26237,2024-06-12,Defaulted,Yes,29,Consolidation
D0998,SMB118,Private Lender,Credit Line,309810,1126,9.0,56,2024-12-16,Defaulted,Yes,38,Consolidation
D0999,SMB105,Bank B,Credit Line,429691,108308,27.2,6712,2024-11-24,Overdue,Yes,92,Consolidation
D1000,SMB125,Private Lender,Equipment Loan,754621,739217,7.71,62336,2024-11-06,Overdue,Yes,32,Refinancing
